elapsed_s,temp_c,power_mw
8.106231689453125e-06,44.5,5453.0
0.25732421875,44.0,5080.0
0.5099039077758789,45.0,5111.0
0.7625212669372559,44.5,5151.0
1.014963150024414,44.5,5382.0
1.2731361389160156,44.5,5040.0
1.5256073474884033,44.0,4581.0
1.7781035900115967,44.5,4960.0
2.0307531356811523,44.5,5120.0
2.2834792137145996,44.5,5342.0
2.537322521209717,44.5,4967.0
2.7897350788116455,45.0,5302.0
3.0422775745391846,45.5,4927.0
3.294790744781494,45.5,5080.0
3.5475573539733887,44.5,5302.0
3.800065279006958,44.0,4662.0
4.052458763122559,44.5,5151.0
4.305098056793213,44.0,4119.0
4.557792901992798,43.5,3808.0
4.810382604598999,43.5,3616.0
5.063092947006226,44.0,3535.0
5.3156962394714355,43.5,4273.0
5.56838846206665,44.0,4775.0
5.820883750915527,43.5,4501.0
6.073303461074829,44.5,5080.0
6.325838565826416,44.5,5000.0
6.578490972518921,45.5,5080.0
6.830994606018066,45.5,4887.0
7.084192752838135,44.0,4280.0
7.336568593978882,45.0,5120.0
7.588887453079224,45.0,5008.0
7.841240167617798,45.0,5120.0
8.093826532363892,46.5,5832.0
8.346298694610596,45.0,5080.0
8.598761081695557,44.5,5080.0
8.851304769515991,43.0,3657.0
9.103871583938599,43.5,4199.0
9.360474586486816,44.0,4775.0
9.612991571426392,44.5,4775.0
9.865774393081665,45.5,5151.0
10.118488550186157,44.5,5191.0
10.370907306671143,45.5,5342.0
10.623554944992065,46.0,5533.0
10.87600326538086,46.0,5643.0
11.128516435623169,45.5,5151.0
11.38092827796936,45.5,5151.0
11.633487224578857,45.0,5151.0
11.885963201522827,46.0,5453.0
12.13832402229309,45.0,5191.0
12.390684843063354,46.0,5342.0
12.64321494102478,45.0,5000.0
12.898590803146362,45.0,5080.0
13.15113353729248,45.5,5533.0
13.403672695159912,45.5,5302.0
13.656501770019531,45.5,5753.0
13.909290790557861,45.0,5643.0
14.16206693649292,45.0,5120.0
14.414759397506714,45.0,5151.0
14.667713403701782,44.5,4927.0
14.92079782485962,44.5,4428.0
15.174172401428223,44.5,3808.0
15.426750898361206,44.5,3929.0
15.679170608520508,44.0,4314.0
15.931790828704834,45.0,5533.0
16.18444013595581,45.5,5151.0
16.436959743499756,45.5,5191.0
16.69011878967285,45.5,5342.0
16.945109844207764,46.0,5040.0
17.19751286506653,46.0,4927.0
17.450026035308838,46.0,5413.0
17.703495740890503,46.0,5453.0
17.956047296524048,46.0,5080.0
18.208730697631836,47.0,5271.0
18.46134662628174,46.0,5493.0
18.714383840560913,45.5,5231.0
18.96693706512451,45.0,4855.0
19.219508409500122,45.0,4895.0
19.472087383270264,45.5,5151.0
19.724838495254517,45.5,5302.0
19.980626821517944,45.5,5493.0
20.234588146209717,45.5,5000.0
20.48705291748047,45.5,5120.0
20.739455461502075,46.5,5643.0
20.991833448410034,47.0,5263.0
21.244759559631348,45.5,5120.0
21.497528314590454,46.0,5342.0
21.752184629440308,45.5,4927.0
22.006734609603882,45.5,4775.0
22.25908088684082,45.5,4967.0
22.511931896209717,45.5,4815.0
22.764697074890137,45.5,5000.0
23.02242684364319,45.5,5080.0
23.27494478225708,46.0,5564.0
23.528359413146973,46.0,5533.0
23.780805826187134,46.0,5271.0
24.03338313102722,46.0,5191.0
24.285746812820435,46.5,5231.0
24.5383243560791,45.5,5231.0
24.79086136817932,45.5,4927.0
25.043319940567017,45.5,4815.0
25.295943021774292,45.5,4887.0
25.548757076263428,45.5,4855.0
25.801323652267456,45.5,4735.0
26.054036855697632,45.5,5191.0
26.306634187698364,46.0,4967.0
26.559112548828125,46.0,5120.0
26.81245183944702,46.0,5111.0
27.065019607543945,47.0,5231.0
27.317415952682495,46.5,5223.0
27.56990361213684,45.5,5008.0
27.822203636169434,46.5,5453.0
28.07482099533081,46.5,5564.0
28.327775955200195,47.0,5823.0
28.580795764923096,47.0,5231.0
28.839953899383545,46.0,5191.0
29.09246063232422,45.5,4775.0
29.34499740600586,45.5,4855.0
29.597554206848145,45.5,4855.0
29.849963426589966,45.5,5151.0
30.102420568466187,46.5,5643.0
30.355183601379395,46.0,5422.0
30.607598543167114,46.5,5524.0
30.860352277755737,46.5,5863.0
31.112955331802368,46.5,5342.0
31.36662745475769,46.5,5382.0
31.619096517562866,46.0,4581.0
31.871437072753906,46.0,4775.0
32.12394189834595,46.0,4887.0
32.37632489204407,46.0,5000.0
32.62874937057495,46.0,5080.0
32.88129639625549,46.0,5120.0
33.13382649421692,46.0,5151.0
33.387985706329346,46.5,5342.0
33.64060974121094,47.5,5453.0
33.893967628479004,46.0,5603.0
34.151390075683594,46.0,5231.0
34.405696868896484,46.5,5151.0
34.65867733955383,45.5,4967.0
34.911417961120605,45.5,4887.0
35.16399121284485,45.5,4775.0
35.416553020477295,45.5,4887.0
35.66910457611084,46.0,4967.0
35.92166757583618,46.0,4927.0
36.17421269416809,46.0,4887.0
36.42675805091858,46.0,4967.0
36.679391622543335,46.5,5493.0
36.931804180145264,47.0,5231.0
37.18421411514282,46.0,4847.0
37.43667531013489,47.0,5453.0
37.69003915786743,46.5,5191.0
37.94255495071411,46.5,5271.0
38.19592833518982,46.5,5191.0
38.450671672821045,46.5,5231.0
38.704039096832275,46.5,5080.0
38.956443071365356,46.5,5080.0
39.209197998046875,46.0,4815.0
39.46184515953064,46.0,4927.0
39.71698832511902,47.0,5263.0
39.97001576423645,46.5,5231.0
40.22448229789734,47.5,5151.0
40.47775053977966,46.0,5231.0
40.73048996925354,47.0,5191.0
40.983277559280396,47.0,5533.0
41.23577070236206,46.5,5120.0
41.48819828033447,46.5,5271.0
41.74098253250122,46.0,4468.0
41.99429440498352,46.5,4887.0
42.2474639415741,47.0,5413.0
42.5007586479187,46.5,5000.0
42.75321674346924,46.5,5040.0
43.005722999572754,47.0,5080.0
43.25827407836914,46.5,5040.0
43.512080669403076,47.5,5723.0
43.77044153213501,47.0,5533.0
44.02305316925049,47.0,5342.0
44.27583432197571,47.0,5263.0
44.52838444709778,46.5,5080.0
44.78085422515869,47.0,5271.0
45.033573150634766,46.5,4815.0
45.28606367111206,46.5,4887.0
45.53857374191284,46.5,4855.0
45.791112661361694,46.5,4815.0
46.043585777282715,46.5,4735.0
46.29619574546814,46.5,5573.0
46.548901319503784,47.0,5111.0
46.8016242980957,47.0,5191.0
47.05430769920349,47.5,5533.0
47.307026863098145,48.0,5422.0
47.55939960479736,47.0,5071.0
47.812159061431885,47.5,5674.0
48.06802248954773,47.0,5223.0
48.32103371620178,49.0,5713.0
48.57356810569763,46.5,5191.0
48.82598614692688,46.5,4847.0
49.0883002281189,46.5,4815.0
49.34119915962219,46.5,4775.0
49.59382128715515,47.0,4960.0
49.85076951980591,46.5,5111.0
50.10383319854736,47.5,5040.0
50.35618567466736,47.0,5151.0
50.60860323905945,47.5,5342.0
50.862241983413696,47.5,5080.0
51.11463379859924,47.5,5683.0
51.367220640182495,47.5,5160.0
51.62489676475525,47.5,5191.0
51.87738394737244,46.5,4815.0
52.12984776496887,47.0,4927.0
52.38232707977295,47.5,5382.0
52.635024070739746,47.5,5040.0
52.88768196105957,47.0,5111.0
53.140389919281006,47.0,4960.0
53.394448041915894,47.0,5080.0
53.649545431137085,47.5,5753.0
53.90191459655762,47.0,5271.0
54.15445041656494,48.0,5413.0
54.40703845024109,48.0,5302.0
54.65946388244629,47.0,5231.0
54.91208600997925,46.5,5000.0
55.16468405723572,46.5,4887.0
55.417226791381836,47.0,4855.0
55.66999530792236,47.0,4927.0
55.92278838157654,47.0,4775.0
56.175204038619995,46.5,5111.0
56.42793321609497,47.0,5151.0
56.68121838569641,47.0,5302.0
56.93401837348938,47.0,5080.0
57.18635559082031,47.0,5111.0
57.43900179862976,48.0,5311.0
57.691813468933105,48.5,5643.0
57.94435739517212,48.5,5863.0
58.197558641433716,48.0,5453.0
58.45062208175659,47.5,5342.0
58.70331525802612,47.5,5302.0
58.95581388473511,47.0,5191.0
59.20872139930725,47.0,4815.0
59.461257219314575,47.0,4960.0
59.71378040313721,47.0,5191.0
59.966225147247314,47.0,5151.0
60.22092843055725,48.0,5524.0
60.47606658935547,47.5,5111.0
60.72916007041931,48.5,5191.0
60.98158407211304,47.0,5263.0
61.23421382904053,49.0,5713.0
61.487005949020386,47.5,5151.0
61.73949837684631,47.5,5040.0
61.99194145202637,47.0,4775.0
62.24461078643799,47.5,4887.0
62.497397661209106,48.0,5382.0
62.74976110458374,47.5,5080.0
63.00305724143982,47.5,5120.0
63.25655484199524,48.0,5040.0
63.50900840759277,47.5,5413.0
63.76156210899353,48.5,5643.0
64.01420640945435,48.0,5342.0
64.26669549942017,48.5,5342.0
64.52082419395447,47.5,4887.0
64.7766375541687,47.0,5151.0
65.03070306777954,47.0,4927.0
65.28323554992676,47.0,4927.0
65.53581595420837,47.0,4887.0
65.78941416740417,47.0,4927.0
66.0440034866333,47.0,4815.0
66.29684329032898,47.5,5413.0
66.54999828338623,47.5,5151.0
66.80249667167664,48.0,5342.0
67.05537414550781,47.5,4855.0
67.30776882171631,47.5,5191.0
67.56058645248413,48.0,5342.0
67.81494760513306,48.0,5422.0
68.06794571876526,48.0,5603.0
68.32074618339539,48.0,5191.0
68.57784819602966,47.5,5342.0
68.83490633964539,48.0,5040.0
69.0915162563324,47.5,5040.0
69.34388995170593,47.5,4815.0
69.59659194946289,47.5,4508.0
69.84901547431946,47.5,5231.0
70.10155272483826,49.0,5413.0
70.35416841506958,48.0,5342.0
70.60658836364746,48.5,5382.0
70.85894846916199,48.0,4967.0
71.11129856109619,48.5,5753.0
71.36385536193848,47.5,4967.0
71.61697697639465,48.0,5302.0
71.86940670013428,48.0,5000.0
72.12241554260254,47.5,5342.0
72.37490963935852,48.0,5080.0
72.62725949287415,47.5,4775.0
72.87997794151306,48.0,5080.0
73.13262867927551,48.0,5120.0
73.38520908355713,48.5,5382.0
73.63781762123108,47.5,5151.0
73.89305138587952,48.5,5191.0
74.14545917510986,48.5,5271.0
74.40629386901855,47.5,5413.0
74.66117596626282,47.5,5271.0
74.91630983352661,46.5,3616.0
75.16915488243103,47.5,3963.0
75.42183041572571,48.0,5573.0
75.67446613311768,48.0,5191.0
75.92723059654236,48.0,5533.0
76.17997765541077,47.5,4887.0
76.43252372741699,48.0,5453.0
76.68508887290955,48.5,5302.0
76.93757724761963,48.5,4967.0
77.19020867347717,48.0,5231.0
77.44277334213257,50.0,5902.0
77.69609808921814,48.5,5493.0
77.94861555099487,48.0,5342.0
78.2012209892273,48.5,5080.0
78.4540548324585,48.5,5231.0
78.70682144165039,48.5,5643.0
78.9593985080719,48.0,5453.0
79.21242952346802,48.5,5191.0
79.46510052680969,48.0,5643.0
79.71783757209778,48.0,5493.0
79.9703722000122,48.0,5080.0
80.22298860549927,48.0,5271.0
80.47553610801697,48.0,5263.0
80.72829461097717,48.0,5120.0
80.98085713386536,48.0,5151.0
81.23550820350647,48.5,5231.0
81.48802995681763,49.0,5413.0
81.74089241027832,49.0,5573.0
81.99355244636536,48.5,5111.0
82.2461040019989,48.5,5564.0
82.49865913391113,48.0,5183.0
82.75115418434143,48.0,5263.0
83.00354075431824,48.5,5151.0
83.25595545768738,48.5,5191.0
83.5123028755188,48.5,5151.0
83.77309060096741,48.5,4927.0
84.02586770057678,49.0,4855.0
84.27918934822083,48.5,5000.0
84.5381076335907,48.5,5302.0
84.79111957550049,48.5,5231.0
85.04356169700623,48.5,5120.0
85.2960729598999,48.5,5413.0
85.5486147403717,48.0,5191.0
85.80121302604675,48.5,5382.0
86.05729579925537,49.0,5453.0
86.31579947471619,49.5,5493.0
86.56830763816833,48.0,5413.0
86.82106804847717,48.5,5151.0
87.07380509376526,49.5,5493.0
87.32614922523499,49.0,5120.0
87.57851839065552,48.0,5191.0
87.83108282089233,48.0,5263.0
88.08560967445374,48.0,5151.0
88.33852815628052,47.0,3848.0
88.59123373031616,47.0,3848.0
88.84397459030151,47.5,4508.0
89.09689331054688,48.0,5040.0
89.34969687461853,48.5,4815.0
89.60220432281494,47.5,5120.0
89.85471534729004,48.5,5603.0
90.10737991333008,49.5,5863.0
90.3600709438324,49.5,5231.0
90.61262464523315,48.5,5422.0
90.86503982543945,48.0,5151.0
91.1175422668457,48.5,5453.0
91.37014269828796,49.5,5422.0
91.6229932308197,48.0,5008.0
91.87644743919373,48.5,5231.0
92.12891244888306,50.5,6199.0
92.38156938552856,49.0,5643.0
92.63560843467712,49.0,5413.0
92.88847279548645,48.5,5302.0
93.14260697364807,49.0,5533.0
93.40124893188477,48.5,5263.0
93.65400910377502,48.0,5151.0
93.90725779533386,48.0,4240.0
94.1601128578186,48.0,5080.0
94.41300535202026,48.5,5191.0
94.66564702987671,49.0,5342.0
94.91795611381531,48.5,5453.0
95.17041969299316,49.0,5493.0
95.42585349082947,48.5,5382.0
95.67875003814697,48.5,5453.0
95.93126845359802,49.5,5453.0
96.18413472175598,49.5,5603.0
96.43681144714355,50.0,5422.0
96.68934321403503,49.0,5302.0
96.9419093132019,48.5,4815.0
97.1955919265747,48.0,4775.0
97.44836449623108,48.5,4887.0
97.70086407661438,49.0,4548.0
97.95345449447632,49.0,4927.0
98.2059018611908,49.0,5080.0
98.45832633972168,49.0,5231.0
98.71091508865356,49.5,5342.0
98.96353673934937,49.0,5151.0
99.21601724624634,49.0,5263.0
99.46869802474976,49.0,5302.0
99.72115135192871,49.5,5231.0
99.97367548942566,48.5,4735.0
100.22625637054443,49.0,5231.0
100.47884631156921,50.0,5484.0
100.73152256011963,49.0,5342.0
100.9843156337738,49.5,5263.0
101.23688983917236,50.0,5603.0
101.48964190483093,48.0,5231.0
101.74256777763367,48.5,5263.0
101.99556088447571,47.5,4815.0
102.24928879737854,47.5,3889.0
102.50206804275513,47.0,3929.0
102.75479292869568,47.5,4354.0
103.00744938850403,48.0,4119.0
103.25990343093872,48.5,5231.0
103.51445722579956,49.0,5533.0
103.77115774154663,49.5,5683.0
104.0237021446228,50.0,5493.0
104.2763786315918,49.5,5413.0
104.52889609336853,50.0,5151.0
104.78505897521973,48.5,4702.0
105.03755831718445,49.0,5191.0
105.29005169868469,50.5,5080.0
105.54244565963745,50.0,5382.0
105.79501152038574,49.5,5753.0
106.05154466629028,48.5,5191.0
106.30425429344177,49.0,5564.0
106.55699467658997,49.0,5493.0
106.8103711605072,49.0,5191.0
107.06296968460083,49.0,5271.0
107.31578207015991,49.0,5231.0
107.57756209373474,48.5,4735.0
107.84500432014465,49.5,5444.0
108.09744381904602,49.5,5783.0
108.3501205444336,49.5,5031.0
108.60265493392944,49.0,5263.0
108.85517287254333,50.0,5594.0
109.10757088661194,49.5,5334.0
109.36002707481384,48.5,4775.0
109.61262726783752,50.0,5603.0
109.86514210700989,50.0,5151.0
110.11824917793274,49.5,5342.0
110.37068295478821,49.0,5263.0
110.62337970733643,49.5,4847.0
110.87615370750427,49.5,4807.0
111.12946081161499,49.5,5000.0
111.38268542289734,49.5,4767.0
111.636314868927,49.5,4694.0
111.88974690437317,49.0,5111.0
112.14408683776855,49.0,5263.0
112.396648645401,49.0,4920.0
112.64913249015808,49.5,5183.0
112.90166449546814,49.5,5071.0
113.15433740615845,49.5,5040.0
113.40684270858765,50.5,5533.0
113.65921711921692,50.0,5564.0
113.9118664264679,50.0,5823.0
114.16469025611877,49.5,5294.0
114.41744565963745,50.5,5334.0
114.67005729675293,50.5,5524.0
114.92262268066406,49.5,5524.0
115.17523169517517,49.0,5444.0
115.42828011512756,49.0,5223.0
115.68106317520142,48.0,4038.0
115.93398833274841,47.5,3848.0
116.18671369552612,48.5,4240.0
116.439448595047,48.0,4273.0
116.69219136238098,48.5,5080.0
116.9449417591095,49.5,5080.0
117.20516800880432,49.5,5643.0
117.45780181884766,49.0,5413.0
117.71043872833252,49.5,5000.0
117.96306562423706,50.5,5564.0
118.21553611755371,50.0,5484.0
118.46821403503418,50.0,5231.0
118.72073197364807,50.0,4694.0
118.97755908966064,50.0,4702.0
119.23008060455322,50.0,5564.0
119.48262929916382,50.5,6120.0
119.73520517349243,49.5,5713.0
119.98796343803406,50.5,5793.0
120.2406005859375,50.5,5713.0
120.49324035644531,50.0,5603.0
120.74605965614319,49.5,5413.0
120.99876594543457,48.5,5231.0
121.25168657302856,48.0,4159.0
121.50957107543945,49.5,5263.0
121.76289010047913,49.5,5111.0
122.01607155799866,50.0,5040.0
122.26913738250732,49.0,5263.0
122.522057056427,49.5,5382.0
122.77505683898926,49.5,5231.0
123.0274064540863,50.0,5302.0
123.27995705604553,49.5,5413.0
123.53266167640686,50.5,5374.0
123.78546071052551,49.5,5302.0
124.03802919387817,49.5,5223.0
124.29055070877075,50.0,5231.0
124.54294180870056,49.5,4887.0
124.79598689079285,50.0,4927.0
125.04887413978577,49.5,4428.0
125.30127811431885,49.0,4468.0
125.55370783805847,49.5,4967.0
125.8122947216034,50.0,5382.0
126.06513714790344,50.0,5111.0
126.31825351715088,49.5,5374.0
126.57097125053406,50.0,5374.0
126.82447099685669,50.0,5151.0
127.07740664482117,49.5,5080.0
127.3365740776062,50.5,5382.0
127.58906483650208,50.0,5674.0
127.8417489528656,51.5,5342.0
128.0943410396576,50.0,5191.0
128.34684109687805,50.5,5524.0
128.5993468761444,50.5,5374.0
128.85250449180603,49.5,4880.0
129.11245799064636,49.5,5413.0
129.36514711380005,49.0,5263.0
129.6181342601776,49.0,3929.0
129.87097239494324,49.0,3848.0
130.12366151809692,49.0,3848.0
130.37638092041016,49.5,4387.0
130.62916564941406,48.0,4078.0
130.88509273529053,50.0,5713.0
131.13765144348145,49.5,5223.0
131.39009714126587,50.5,5793.0
131.64260816574097,50.5,5713.0
131.89510226249695,50.0,5151.0
132.14905619621277,51.0,5191.0
132.40163135528564,50.0,5151.0
132.65397882461548,49.5,4387.0
132.9064998626709,49.5,4960.0
133.15887475013733,51.5,5972.0
133.4115765094757,50.5,5594.0
133.66422843933105,51.0,6307.0
133.9186658859253,50.0,5564.0
134.1735441684723,50.5,5942.0
134.42704844474792,50.5,5493.0
134.6797423362732,50.0,5342.0
134.93246865272522,50.0,5191.0
135.18528723716736,49.5,4159.0
135.43826389312744,50.0,5040.0
135.6920485496521,49.5,5263.0
135.9447419643402,50.5,5713.0
136.1973888874054,49.5,5342.0
136.4502351284027,50.5,5191.0
136.70293140411377,50.5,5564.0
136.95538353919983,50.5,5040.0
137.20802879333496,50.5,5111.0
137.4613025188446,51.0,5863.0
137.7139549255371,50.0,5334.0
137.9667453765869,50.0,5453.0
138.2194905281067,50.5,5151.0
138.47222995758057,50.0,4807.0
138.7256064414978,49.5,4387.0
138.9781153202057,50.0,4815.0
139.2304949760437,50.0,5342.0
139.48306798934937,50.0,5040.0
139.73542308807373,50.0,5111.0
139.98790407180786,50.5,5120.0
140.24061703681946,51.0,5453.0
140.49324655532837,50.5,5191.0
140.74575352668762,50.5,5191.0
140.99847507476807,49.5,4967.0
141.25084376335144,50.5,5823.0
141.50342774391174,50.5,5713.0
141.7559690475464,51.0,5493.0
142.01004719734192,51.0,5674.0
142.26261854171753,50.5,5524.0
142.51523804664612,50.5,5302.0
142.7678346633911,50.0,5374.0
143.0205442905426,50.0,5263.0
143.27402424812317,49.5,4044.0
143.52671241760254,49.5,3923.0
143.77939414978027,49.0,3889.0
144.03202557563782,49.0,4541.0
144.28490257263184,49.5,4815.0
144.53774690628052,50.5,5382.0
144.79034328460693,50.0,5151.0
145.0428102016449,50.0,5413.0
145.29548120498657,50.5,5302.0
145.54811549186707,51.0,5453.0
145.80156707763672,50.5,5231.0
146.06062769889832,50.5,5080.0
146.31320142745972,50.0,5342.0
146.56594800949097,50.5,5191.0
146.82553791999817,50.5,5231.0
147.07783198356628,51.0,5683.0
147.33187127113342,51.0,5382.0
147.58462619781494,51.0,5683.0
147.83739066123962,50.5,5453.0
148.091787815094,51.0,5453.0
148.3447301387787,50.5,5493.0
148.59745860099792,50.5,5231.0
148.85383129119873,51.0,5151.0
149.10633420944214,50.5,5040.0
149.35899376869202,50.5,5413.0
149.61167335510254,51.0,5643.0
149.86420941352844,51.5,5453.0
150.1223464012146,51.0,5342.0
150.37643194198608,50.5,5191.0
150.63160681724548,52.0,5573.0
150.88420128822327,52.0,5793.0
151.136869430542,51.0,5674.0
151.3897247314453,51.0,5342.0
151.64196515083313,50.5,5000.0
151.89447021484375,51.5,5342.0
152.14695262908936,50.5,5040.0
152.3993308544159,51.5,4887.0
152.6522991657257,50.5,5040.0
152.90714287757874,50.5,5000.0
153.16038703918457,50.5,4694.0
153.41274619102478,51.0,5040.0
153.66616678237915,50.5,5231.0
153.92351126670837,51.0,5191.0
154.17620825767517,51.0,5111.0
154.42873764038086,51.0,5040.0
154.6814169883728,51.0,5422.0
154.93516063690186,51.5,5453.0
155.18766474723816,50.5,5151.0
155.44038367271423,51.5,5422.0
155.69292879104614,51.5,5524.0
155.94555616378784,51.5,5302.0
156.1979637145996,51.0,5342.0
156.45081448554993,51.0,5374.0
156.70603203773499,51.0,5493.0
156.9584310054779,51.0,5263.0
157.21288585662842,50.0,5080.0
157.46589875221252,49.0,3848.0
157.71854853630066,49.0,3848.0
157.97152948379517,50.0,4435.0
158.22480034828186,50.0,4735.0
158.47808814048767,50.5,5342.0
158.73095321655273,51.0,5342.0
158.98345065116882,51.5,5533.0
159.23699426651,51.0,5422.0
159.4898636341095,51.0,5564.0
159.74219155311584,51.5,5120.0
159.99538707733154,51.0,4927.0
160.24794721603394,51.0,4927.0
160.5003685951233,50.5,4508.0
160.75326490402222,51.0,5191.0
161.00666189193726,51.5,5863.0
161.25929188728333,51.5,5713.0
161.51176404953003,51.5,5643.0
161.76508045196533,51.5,5493.0
162.0251817703247,51.5,5573.0
162.27779483795166,51.5,5603.0
162.5305233001709,51.0,5342.0
162.7835714817047,49.5,4240.0
163.03635716438293,50.5,4775.0
163.28888058662415,51.0,5302.0
163.54141497612,51.0,5342.0
163.7941460609436,51.0,5453.0
164.0474660396576,52.0,5271.0
164.3001389503479,51.5,5533.0
164.55265736579895,51.5,4927.0
164.80506420135498,51.5,5713.0
165.0583896636963,51.5,5048.0
165.3107476234436,50.5,5382.0
165.56400728225708,52.0,5683.0
165.81758332252502,51.0,5342.0
166.07048916816711,50.0,4468.0
166.32954812049866,51.0,4541.0
166.58191752433777,51.0,4775.0
166.83436632156372,51.0,5231.0
167.0868856906891,51.0,4581.0
167.3393156528473,51.0,5040.0
167.59187841415405,51.5,5231.0
167.8445041179657,51.0,5342.0
168.09711289405823,51.0,5151.0
168.34957313537598,52.5,5151.0
168.6027193069458,51.0,5080.0
168.85571718215942,52.0,5603.0
169.11111187934875,51.5,5342.0
169.36368823051453,51.5,5382.0
169.61628341674805,51.0,5191.0
169.8686683177948,51.5,5151.0
170.12129092216492,52.0,5382.0
170.37386322021484,52.0,5533.0
170.6264307498932,51.5,5564.0
170.8793556690216,51.5,5462.0
171.13186168670654,51.0,5231.0
171.38496112823486,50.5,3963.0
171.63782811164856,50.5,3929.0
171.89098572731018,50.5,4119.0
172.14366507530212,49.5,4314.0
172.39633893966675,50.5,5000.0
172.66420912742615,51.5,5713.0
172.9167835712433,51.0,5151.0
173.1693742275238,51.5,5111.0
173.4220311641693,52.0,5302.0
173.6744134426117,52.5,5413.0
173.92704939842224,52.0,5160.0
174.17940974235535,51.5,5008.0
174.4318404197693,50.5,4394.0
174.6843101978302,51.5,4967.0
174.9368600845337,52.0,6091.0
175.18956780433655,51.5,5342.0
175.442134141922,51.5,5564.0
175.70259809494019,51.5,5564.0
175.95526003837585,52.0,5793.0
176.20775151252747,52.0,5643.0
176.4605917930603,51.5,5342.0
176.71358919143677,50.0,4085.0
176.96647596359253,50.5,4468.0
177.21906542778015,51.5,4694.0
177.47147464752197,51.5,5342.0
177.72407698631287,52.5,5643.0
177.9767620563507,52.5,5643.0
178.22991847991943,52.0,5453.0
178.48241639137268,52.5,5573.0
178.73494505882263,51.5,5302.0
178.9872908592224,52.5,5382.0
179.2401475906372,52.0,5603.0
179.49295926094055,53.0,5564.0
179.75149059295654,51.5,5151.0
180.00439500808716,52.0,5382.0
180.25684595108032,52.0,5000.0
180.50916147232056,51.5,4694.0
180.76164197921753,51.5,4314.0
181.01528811454773,51.5,5040.0
181.26773810386658,51.5,5382.0
181.5203356742859,51.5,5080.0
181.7729995250702,52.0,5302.0
182.0255832672119,52.5,5191.0
182.27826380729675,51.0,4887.0
182.53061747550964,51.5,5191.0
182.78313994407654,52.5,5231.0
183.03563261032104,52.5,5564.0
183.28814601898193,52.0,5342.0
183.54053044319153,53.0,5564.0
183.79322695732117,52.0,5382.0
184.04582238197327,52.5,5603.0
184.29909300804138,51.5,5413.0
184.5567488670349,52.5,5453.0
184.80922555923462,51.5,5382.0
185.06207036972046,51.0,5231.0
185.31503796577454,50.0,4044.0
185.56783151626587,50.0,3963.0
185.82064127922058,49.5,3963.0
186.0738286972046,50.0,4314.0
186.3269603252411,51.0,3576.0
186.58424162864685,51.5,5453.0
186.83699369430542,51.5,5040.0
187.08961129188538,51.5,5564.0
187.34217476844788,52.0,5382.0
187.59473037719727,52.5,5311.0
187.8471221923828,52.5,5564.0
188.0994291305542,51.5,5120.0
188.3518009185791,51.5,4622.0
188.60420632362366,52.0,5080.0
188.8569529056549,52.0,5008.0
189.1093111038208,51.5,5413.0
189.3621063232422,54.0,6669.0
189.61478304862976,52.5,5564.0
189.8675513267517,54.5,6160.0
190.12557411193848,52.0,5342.0
190.37815022468567,52.0,5151.0
190.63064169883728,51.0,5342.0
190.88334012031555,50.0,4004.0
191.1359851360321,51.5,4548.0
191.38875198364258,51.5,4775.0
191.64142036437988,52.0,5413.0
191.89758396148682,51.5,5564.0
192.1538383960724,52.0,5413.0
192.41033411026,52.0,5342.0
192.66270685195923,53.0,5713.0
192.915203332901,52.0,5453.0
193.17070293426514,52.0,5603.0
193.42776727676392,53.0,5942.0
193.68105626106262,52.0,5191.0
193.9359426498413,52.0,5000.0
194.18825030326843,52.0,4887.0
194.44055724143982,52.0,4815.0
194.69322156906128,51.5,4314.0
194.94552850723267,51.5,4662.0
195.2042818069458,52.0,5231.0
195.45715308189392,53.0,5302.0
195.71094608306885,52.0,5160.0
195.96485257148743,52.0,5302.0
196.21737718582153,52.0,5231.0
196.46975874900818,52.5,5080.0
196.72209811210632,52.0,5151.0
196.9745922088623,53.0,5643.0
197.22719311714172,52.0,5382.0
197.47958660125732,52.0,5000.0
197.7320737838745,52.0,5603.0
197.98474836349487,53.0,5302.0
198.237380027771,52.0,5674.0
198.49018168449402,52.0,5462.0
198.74271655082703,51.5,5302.0
198.99531245231628,52.0,5342.0
199.2481758594513,51.5,5191.0
199.5008580684662,50.0,4004.0
199.7536816596985,50.0,3929.0
200.00629138946533,50.0,4387.0
200.25891995429993,51.0,4273.0
200.51150226593018,52.0,4967.0
200.7739543914795,52.5,5643.0
201.02959609031677,51.5,5191.0
201.28682231903076,52.0,5533.0
201.53922963142395,52.0,5382.0
201.79168319702148,52.5,5634.0
202.0447609424591,52.5,5564.0
202.29735040664673,52.0,5000.0
202.5499141216278,52.0,4622.0
202.80252051353455,51.0,4501.0
203.0556502342224,53.0,5683.0
203.30791664123535,52.5,5753.0
203.56097650527954,52.5,5533.0
203.8142795562744,53.0,6051.0
204.06757712364197,52.0,5413.0
204.32067918777466,52.5,5564.0
204.57520365715027,51.5,5302.0
204.82781457901,52.5,5263.0
205.0806167125702,51.0,4387.0
205.3341281414032,51.5,4501.0
205.59397721290588,52.0,5263.0
205.84654879570007,52.0,5302.0
206.0990469455719,52.0,5302.0
206.35175776481628,52.0,5302.0
206.6041383743286,52.5,5603.0
206.85706043243408,53.0,5713.0
207.10988998413086,52.0,5573.0
207.36251592636108,53.0,5334.0
207.61548113822937,52.5,5453.0
207.86844110488892,52.5,5533.0
208.121084690094,52.0,4927.0
208.37754583358765,52.0,4967.0
208.64065074920654,51.0,4428.0
208.8931601047516,51.5,4654.0
209.14594721794128,51.5,4541.0
209.4002718925476,52.5,5342.0
209.6528570652008,51.5,4927.0
209.90526270866394,52.0,5191.0
210.15815019607544,52.0,5191.0
210.41064715385437,53.0,5382.0
210.6634714603424,51.5,5080.0
210.91908407211304,52.0,5311.0
211.17175722122192,52.5,5723.0
211.43998885154724,52.0,5493.0
211.69247436523438,53.5,5723.0
211.94651341438293,53.5,5643.0
212.1989049911499,52.5,5713.0
212.45133876800537,52.0,5302.0
212.70470786094666,52.5,5603.0
212.9580955505371,51.5,5422.0
213.21067118644714,51.5,5231.0
213.46347427368164,51.0,4428.0
213.7163963317871,50.5,3963.0
213.96917033195496,50.0,4004.0
214.2219533920288,51.5,4662.0
214.47505903244019,51.0,4581.0
214.72988057136536,52.0,5231.0
214.98333930969238,52.0,5564.0
215.23650431632996,52.0,5302.0
215.4888973236084,52.0,5080.0
215.74138617515564,52.0,5382.0
215.99490594863892,53.0,5603.0
216.2474513053894,52.0,5000.0
216.49993801116943,51.5,4508.0
216.75238919258118,52.5,5080.0
217.00482559204102,53.0,5000.0
217.261549949646,52.5,5000.0
217.51494574546814,52.5,5683.0
217.76807236671448,54.5,6455.0
218.02161979675293,52.0,5413.0
218.2744710445404,53.5,5972.0
218.52791261672974,52.5,5342.0
218.78152060508728,52.0,5413.0
219.03413343429565,52.5,5342.0
219.2896444797516,52.0,4541.0
219.5421130657196,52.0,5382.0
219.79449200630188,52.0,5223.0
220.04921078681946,52.5,5342.0
220.31652975082397,52.0,5342.0
220.57032346725464,52.5,5191.0
220.82269048690796,53.0,5374.0
221.07524728775024,53.5,5643.0
221.32780385017395,52.5,5972.0
221.58049249649048,53.5,5493.0
221.8375689983368,52.5,5573.0
222.09029579162598,53.0,5533.0
222.34314155578613,52.5,5151.0
222.5965473651886,52.5,4927.0
222.8502278327942,52.0,4541.0
223.10260581970215,51.5,4815.0
223.35499787330627,52.0,5000.0
223.60734224319458,52.5,5040.0
223.85979890823364,52.0,5342.0
224.11247372627258,53.0,5191.0
224.36499977111816,52.5,5263.0
224.61774134635925,53.5,5453.0
224.87031888961792,53.0,5111.0
225.12270975112915,53.5,5453.0
225.377094745636,52.5,5271.0
225.62960529327393,53.0,5533.0
225.88424611091614,52.5,5302.0
226.1371409893036,53.0,5453.0
226.3897683620453,53.5,5271.0
226.64235067367554,53.5,5493.0
226.895094871521,52.0,5302.0
227.1476788520813,52.5,5643.0
227.40039443969727,52.5,5302.0
227.65308833122253,51.0,4815.0
227.9058539867401,50.5,4004.0
228.15858387947083,50.5,3929.0
228.41124057769775,51.5,4548.0
228.66391587257385,52.0,4815.0
228.91650485992432,52.5,5080.0
229.16916275024414,52.5,5493.0
229.42195105552673,52.0,5080.0
229.67440366744995,53.5,5382.0
229.9280309677124,53.5,5643.0
230.18057298660278,52.5,5302.0
230.43304133415222,52.5,4960.0
230.68566751480103,53.5,5374.0
230.93825435638428,52.5,4694.0
231.19087386131287,53.0,5263.0
231.44404196739197,54.5,5972.0
231.69675612449646,53.5,6081.0
231.9536156654358,53.0,5634.0
232.20646834373474,52.0,5603.0
232.46770596504211,52.5,5191.0
232.72429871559143,52.0,5342.0
232.97696709632874,52.5,5342.0
233.23038935661316,51.5,4468.0
233.48334407806396,52.0,5191.0
233.73691654205322,52.5,5111.0
233.9899046421051,53.5,5603.0
234.24241852760315,52.5,5342.0
234.4949722290039,53.0,5524.0
234.747563123703,53.5,5413.0
235.00014805793762,53.5,5231.0
235.25482892990112,52.5,4887.0
235.5075647830963,53.5,5832.0
235.76106119155884,53.0,5151.0
236.01378273963928,53.0,5823.0
236.26634573936462,53.0,5151.0
236.518869638443,52.0,4887.0
236.77151584625244,52.0,4694.0
237.0239770412445,52.0,4354.0
237.27649593353271,51.5,4581.0
237.52889847755432,52.0,5263.0
237.7815716266632,53.5,5374.0
238.03412628173828,52.5,5151.0
238.28694105148315,52.5,5342.0
238.53950691223145,53.0,5484.0
238.79376029968262,52.0,5080.0
239.04619598388672,53.0,5334.0
239.2987561225891,52.0,5183.0
239.551593542099,53.0,5263.0
239.80401158332825,53.0,5302.0
240.0579481124878,53.0,5294.0
240.3104121685028,53.5,5334.0
240.56291508674622,53.5,5564.0
240.81659269332886,53.0,5302.0
241.0763645172119,53.0,5444.0
241.32899832725525,52.0,5334.0
241.5826859474182,52.0,5223.0
241.83560061454773,51.0,3963.0
242.08821153640747,50.5,4038.0
242.3409457206726,51.0,3923.0
242.59393215179443,52.0,4807.0
242.84662318229675,51.0,4347.0
243.09920454025269,53.0,5753.0
243.35190606117249,53.0,5223.0
243.60442066192627,52.5,5444.0
243.85705471038818,53.0,5665.0
244.1099464893341,53.5,5555.0
244.36247754096985,52.5,5334.0
244.61528038978577,53.0,5063.0
244.86779069900513,52.5,4880.0
245.125736951828,52.0,4567.0
245.37823009490967,54.5,5783.0
245.63103008270264,53.0,5625.0
245.88384318351746,54.0,6091.0
246.15552711486816,54.0,5793.0
246.40870118141174,53.0,5564.0
246.6689989566803,53.0,5413.0
246.92205500602722,52.5,5191.0
247.1761064529419,53.0,5191.0
247.4287269115448,51.0,4347.0
247.68329501152039,52.0,4508.0
247.94086027145386,53.5,5564.0
248.1975634098053,52.5,5231.0
248.45077228546143,53.5,5683.0
248.7032299041748,53.5,5753.0
248.9557569026947,53.5,5533.0
249.21311450004578,53.5,5453.0
249.46587991714478,53.0,5374.0
249.71834087371826,53.5,5564.0
249.97110271453857,53.5,5484.0
250.2236635684967,53.5,5342.0
250.4760501384735,54.0,5374.0
250.72865200042725,53.0,5080.0
250.9811680316925,52.5,4662.0
251.23367881774902,52.0,4314.0
251.48620653152466,53.0,4960.0
251.73874974250793,53.0,5533.0
251.9914824962616,53.0,5111.0
252.2448127269745,53.5,5382.0
252.49737882614136,53.0,5151.0
252.7497673034668,52.5,4887.0
253.00217413902283,53.0,5151.0
253.254638671875,53.5,5453.0
253.5072479248047,53.5,5302.0
253.75994300842285,53.0,5484.0
254.01700592041016,53.0,5151.0
254.27240824699402,53.5,5484.0
254.52674770355225,53.5,5524.0
254.7812638282776,53.0,5000.0
255.0389986038208,53.5,5302.0
255.29133558273315,52.5,5151.0
255.5438117980957,53.0,5334.0
255.79657196998596,52.5,4847.0
256.0493059158325,52.0,3923.0
256.30222392082214,52.0,4347.0
256.5555441379547,51.5,4428.0
256.80837535858154,52.0,4199.0
257.06125020980835,52.0,5151.0
257.3168420791626,53.5,5643.0
257.58425974845886,52.5,5453.0
257.8415913581848,53.5,5643.0
258.09549832344055,53.5,5493.0
258.348509311676,54.0,5342.0
258.60099267959595,53.5,5151.0
258.85363006591797,52.5,4654.0
259.10609316825867,53.0,5302.0
259.3585395812988,52.5,4960.0
259.61272525787354,54.0,5453.0
259.8652722835541,55.0,6160.0
260.11929988861084,53.0,5744.0
260.3725986480713,54.5,5783.0
260.625226020813,53.0,5524.0
260.8777828216553,53.5,5674.0
261.1311357021332,53.0,5524.0
261.3841462135315,53.0,5342.0
261.6484227180481,52.0,4581.0
261.90128803253174,52.5,4775.0
262.15919256210327,52.5,5080.0
262.4120030403137,53.5,5263.0
262.67089223861694,54.0,5643.0
262.92382884025574,53.5,5493.0
263.17998909950256,53.0,5040.0
263.4324367046356,53.0,5151.0
263.6848933696747,53.5,5151.0
263.93948554992676,53.5,5302.0
264.1920394897461,55.0,5564.0
264.4445552825928,53.0,5302.0
264.69756412506104,54.0,5302.0
264.95005559921265,53.0,5183.0
265.20267963409424,52.5,4887.0
265.4550664424896,53.0,4654.0
265.7074375152588,53.0,4847.0
265.95988941192627,53.0,4887.0
266.21232175827026,53.0,5151.0
266.4652490615845,53.5,5151.0
266.7176401615143,53.5,5191.0
266.97132182121277,53.5,5040.0
267.22377133369446,53.5,4960.0
267.4761869907379,53.5,5223.0
267.7286603450775,54.0,5413.0
267.9815809726715,53.0,5453.0
268.23454308509827,54.0,5263.0
268.48839688301086,53.0,5342.0
268.740909576416,54.5,5413.0
268.99357175827026,54.0,5932.0
269.2461271286011,53.5,5374.0
269.49894309043884,53.5,5603.0
269.75178837776184,53.0,5374.0
270.0051021575928,53.0,5263.0
270.25889825820923,52.5,4233.0
270.51155400276184,52.5,4078.0
270.7642045021057,52.5,4038.0
271.0173213481903,52.5,4694.0
271.2704384326935,52.5,4807.0
271.523268699646,53.0,5634.0
271.77621269226074,53.0,5231.0
272.02887630462646,53.0,5374.0
272.2816438674927,54.0,5713.0
272.53411626815796,53.5,5493.0
272.78737926483154,54.0,5342.0
273.0398712158203,53.0,5191.0
273.2924439907074,52.5,4387.0
273.5450429916382,53.5,5080.0
273.79758954048157,55.0,6228.0
274.0501844882965,55.0,5674.0
274.30279302597046,56.0,6091.0
274.55523347854614,53.0,5533.0
274.8086807727814,55.0,5942.0
275.0613076686859,53.5,5564.0
275.31402039527893,53.5,5263.0
275.5666654109955,52.5,5342.0
275.819269657135,51.5,3889.0
276.0721607208252,52.5,4735.0
276.32685947418213,53.0,5191.0
276.57949113845825,53.0,5263.0
276.83209681510925,53.5,5151.0
277.08459854125977,53.5,5683.0
277.33706879615784,53.0,5342.0
277.5895788669586,54.0,5564.0
277.84207820892334,54.0,5382.0
278.0948929786682,54.0,5524.0
278.34748363494873,55.5,6228.0
278.60001492500305,54.5,5942.0
278.8527054786682,53.5,5382.0
279.1054997444153,53.0,5040.0
279.3578624725342,53.0,4654.0
279.6106061935425,53.0,4085.0
279.8629388809204,53.0,5000.0
280.11545991897583,55.0,5382.0
280.36784052848816,53.5,5151.0
280.6215822696686,54.0,5453.0
280.8741629123688,54.5,5342.0
281.12670612335205,53.5,5080.0
281.37910866737366,53.5,5382.0
281.63291692733765,54.0,5533.0
281.8864390850067,53.5,5723.0
282.13896584510803,54.5,5603.0
282.3916313648224,55.0,5484.0
282.6440806388855,54.5,5413.0
282.8969385623932,53.5,5493.0
283.1495010852814,54.5,5524.0
283.4020791053772,54.0,5453.0
283.6548264026642,52.5,5263.0
283.9075217247009,52.5,5302.0
284.16037130355835,52.0,4159.0
284.4131338596344,51.5,3929.0
284.6662528514862,51.5,4085.0
284.9189281463623,52.0,4654.0
285.17159485816956,53.0,5031.0
285.43637347221375,53.5,5382.0
285.6890733242035,53.0,5263.0
285.9417541027069,54.5,5723.0
286.19411396980286,53.0,5382.0
286.44668674468994,55.0,5603.0
286.7017424106598,53.0,5000.0
286.9541366100311,53.0,5191.0
287.2068467140198,53.0,4702.0
287.45919156074524,54.5,5493.0
287.7115275859833,53.0,5080.0
287.96391773223877,53.5,5453.0
288.21672773361206,56.0,6455.0
288.4771316051483,54.5,5753.0
288.72963976860046,56.0,6318.0
288.98422026634216,53.5,5342.0
289.23776865005493,53.5,5422.0
289.49058413505554,53.5,5342.0
289.7432539463043,52.0,4004.0
289.9964518547058,53.5,4775.0
290.2497284412384,53.0,4967.0
290.5024456977844,53.0,5382.0
290.75514030456543,53.0,5223.0
291.00771927833557,53.5,5342.0
291.26054763793945,53.5,5342.0
291.51306319236755,53.5,5191.0
291.7663748264313,53.0,5000.0
292.0203733444214,53.0,5493.0
292.2728042602539,53.5,5713.0
292.52558517456055,53.5,5634.0
292.7785265445709,54.0,5342.0
293.03190636634827,54.0,5191.0
293.2846829891205,53.5,4960.0
293.53922724723816,53.5,4541.0
293.7917366027832,53.0,4541.0
294.04928493499756,53.5,5080.0
294.3016982078552,53.5,5302.0
294.5541920661926,53.5,5151.0
294.8066475391388,54.0,5191.0
295.05909633636475,53.5,5413.0
295.3115792274475,53.5,5271.0
295.5639395713806,53.5,5151.0
295.8177170753479,53.5,5263.0
296.0702533721924,53.5,5151.0
296.3240542411804,54.0,5713.0
296.57711577415466,54.5,5643.0
296.8298568725586,54.0,5713.0
297.082421541214,53.0,5524.0
297.335001707077,55.0,5413.0
297.58752846717834,53.5,5413.0
297.84015226364136,54.5,5413.0
298.0928304195404,53.5,5342.0
298.3454313278198,53.0,5231.0
298.5986957550049,51.5,4044.0
298.85208797454834,51.5,3963.0
299.1051027774811,52.5,4622.0
299.3578064441681,53.0,5040.0
299.6103518009186,52.5,4735.0
299.86271834373474,54.0,5564.0
300.11522150039673,53.0,5040.0
300.36758518218994,53.5,5342.0
300.6201345920563,54.5,5533.0
300.8727316856384,54.5,5111.0
301.1253774166107,53.5,4960.0
301.3777451515198,54.0,4887.0
301.630215883255,53.5,5111.0
301.88269305229187,53.0,4735.0
302.13604259490967,54.0,5413.0
302.3886013031006,53.5,5524.0
302.64131903648376,54.0,5564.0
302.8937785625458,55.0,5783.0
303.1463634967804,53.5,5413.0
303.4092626571655,55.0,5863.0
303.6620581150055,54.0,5453.0
303.9152545928955,53.5,5120.0
304.1677768230438,53.5,5342.0
304.4206681251526,53.0,4694.0
304.68351674079895,53.5,5382.0
304.94015669822693,54.0,5342.0
305.1927402019501,53.5,5342.0
305.44523644447327,55.0,5453.0
305.69779992103577,54.0,5382.0
305.95129656791687,54.0,5342.0
306.2162959575653,54.0,5334.0
306.46992540359497,53.5,5231.0
306.72230315208435,55.0,5793.0
306.97484397888184,54.5,5493.0
307.22735047340393,53.5,5183.0
307.4801878929138,55.0,5000.0
307.7326703071594,53.5,4581.0
307.98511028289795,53.0,4775.0
308.23756742477417,54.0,5111.0
308.49048256874084,53.5,4622.0
308.7433009147644,53.5,5040.0
308.9965386390686,54.5,5462.0
309.2510907649994,54.0,5000.0
309.5034372806549,54.0,5040.0
309.7558948993683,54.0,5271.0
310.0084671974182,54.0,4815.0
310.2608530521393,54.0,5263.0
310.51362204551697,54.0,5493.0
310.7672071456909,55.0,5120.0
311.0197412967682,54.0,5342.0
311.272310256958,54.0,5793.0
311.52495646476746,54.0,5674.0
311.7776279449463,54.0,5493.0
312.0302367210388,54.5,5643.0
312.28268575668335,55.0,5342.0
312.5351529121399,53.5,5191.0
312.7878727912903,53.0,5302.0
313.04069805145264,52.0,4044.0
313.2937424182892,52.0,3963.0
313.54659271240234,52.5,4273.0
313.79927039146423,53.5,5191.0
314.05220222473145,53.5,5191.0
314.3048286437988,53.0,5263.0
314.55994987487793,54.0,5902.0
314.8134479522705,53.5,4960.0
315.0661256313324,55.0,5493.0
315.31877303123474,54.5,5263.0
315.57979369163513,54.0,5191.0
315.83252787590027,54.0,4662.0
316.0849733352661,53.5,4960.0
316.33754324913025,54.0,4702.0
316.5925557613373,53.5,5151.0
316.84735107421875,55.5,6415.0
317.10007071495056,54.5,5524.0
317.35269689559937,56.5,6376.0
317.60529017448425,53.5,5223.0
317.85799837112427,55.5,5942.0
318.1105716228485,53.5,5342.0
318.36312675476074,54.0,5151.0
318.61577463150024,53.5,5080.0
318.86841917037964,53.5,4541.0
319.1363728046417,54.0,5524.0
319.3890287876129,54.5,5151.0
319.64152932167053,54.0,5342.0
319.8940019607544,54.0,5231.0
320.14656472206116,55.0,5863.0
320.39930725097656,55.0,5342.0
320.65158796310425,54.5,5533.0
320.90399646759033,53.5,5453.0
321.1563708782196,53.5,5040.0
321.4087326526642,54.0,5453.0
321.66165590286255,54.0,5453.0
321.9149363040924,54.0,5160.0
322.16745376586914,54.0,4694.0
322.42081665992737,53.5,4927.0
322.67410802841187,53.0,4815.0
322.9275562763214,53.5,4694.0
323.18053936958313,54.0,5120.0
323.4409613609314,53.5,5040.0
323.69354701042175,54.5,5263.0
323.94617676734924,54.0,5263.0
324.19861030578613,55.5,5453.0
324.46048402786255,54.0,5191.0
324.7143204212189,55.0,5453.0
324.96676898002625,54.0,5080.0
325.2197804450989,55.0,5263.0
325.4730520248413,55.0,5674.0
325.7258017063141,55.0,5603.0
325.9786899089813,54.5,5533.0
326.2319006919861,54.0,5573.0
326.48445558547974,53.5,5342.0
326.73712396621704,53.5,5382.0
326.9898567199707,53.5,5111.0
327.2425436973572,53.0,5080.0
327.4954376220703,52.5,4273.0
327.74820041656494,53.0,4807.0
328.0011079311371,52.5,4240.0
328.25576162338257,52.5,4354.0
328.511216878891,54.0,5302.0
328.76413130760193,54.0,5713.0
329.01684641838074,54.0,5191.0
329.26945900917053,54.0,5374.0
329.52245450019836,54.0,5453.0
329.77499175071716,54.5,5382.0
330.0274739265442,54.5,5271.0
330.28001379966736,54.0,5000.0
330.53253149986267,54.5,4967.0
330.7850122451782,54.0,5040.0
331.03764295578003,55.5,5713.0
331.2902066707611,54.0,5634.0
331.5429949760437,55.5,6002.0
331.795795917511,54.0,5374.0
332.04837131500244,56.0,6041.0
332.30344414711,54.0,5524.0
332.55618810653687,54.5,5484.0
332.8095774650574,54.0,5342.0
333.0622251033783,52.5,3848.0
333.3150067329407,53.0,4735.0
333.5676498413086,54.0,5040.0
333.8201973438263,54.0,5334.0
334.0727598667145,55.0,4920.0
334.32541155815125,54.5,5533.0
334.57792949676514,54.0,5302.0
334.83490800857544,53.5,5231.0
335.0874493122101,53.5,4960.0
335.3401346206665,54.0,5080.0
335.5927839279175,55.0,5942.0
335.84537839889526,54.5,5603.0
336.0978989601135,54.5,5524.0
336.35071659088135,54.0,4815.0
336.60393834114075,54.0,4815.0
336.85662174224854,54.0,4581.0
337.10905623435974,53.5,4468.0
337.3614399433136,53.5,5040.0
337.61380553245544,54.0,5080.0
337.8662395477295,54.5,5120.0
338.11873388290405,54.5,5191.0
338.3710958957672,54.5,5151.0
338.62373638153076,55.0,5453.0
338.8762505054474,54.0,5191.0
339.1290054321289,54.0,5422.0
339.3816707134247,55.0,5271.0
339.63423466682434,55.5,5713.0
339.8876750469208,54.5,5493.0
340.14008593559265,54.0,5223.0
340.39278507232666,54.0,5723.0
340.6455593109131,54.5,5533.0
340.90566301345825,54.0,5493.0
341.1584951877594,54.0,5342.0
341.4110367298126,53.5,5413.0
341.66390657424927,53.5,5231.0
341.91690373420715,52.5,4044.0
342.1696832180023,52.0,4044.0
342.4225399494171,53.0,4508.0
342.67536902427673,53.5,4735.0
342.9282236099243,53.5,4314.0
343.1809546947479,54.0,5564.0
343.4341366291046,54.0,5493.0
343.68677854537964,54.5,5223.0
343.93987917900085,55.0,5713.0
344.1929225921631,54.5,5071.0
344.445818901062,55.0,5603.0
344.69828486442566,54.0,5342.0
344.9507761001587,55.0,5080.0
345.2030465602875,53.5,4273.0
345.4553418159485,54.5,5334.0
345.7095696926117,55.0,5713.0
345.9650926589966,54.5,5071.0
346.22021889686584,54.5,5484.0
346.4844925403595,55.5,5893.0
346.74112200737,54.0,5643.0
346.99369263648987,54.5,5382.0
347.24631667137146,54.5,5524.0
347.4991662502289,54.0,5223.0
347.7518062591553,53.5,4387.0
348.0045397281647,54.0,5071.0
348.25708055496216,54.0,5111.0
348.50963592529297,54.5,5413.0
348.7625663280487,54.5,5524.0
349.01524090766907,54.5,5564.0
349.2678732872009,54.5,5040.0
349.52030420303345,54.5,5342.0
349.77276515960693,54.0,5040.0
350.02548456192017,55.0,5302.0
350.2779715061188,55.0,5932.0
350.53072214126587,55.0,5753.0
350.7834668159485,55.0,5382.0
351.035973072052,54.5,5111.0
351.28850626945496,55.0,5080.0
351.54096269607544,53.5,4428.0
351.794380903244,54.5,5040.0
352.0477957725525,54.5,5302.0
352.30035853385925,54.0,5191.0
352.55279541015625,54.0,5191.0
352.8062744140625,53.5,4775.0
353.05988693237305,54.0,4775.0
353.3123707771301,55.0,5191.0
353.56569170951843,54.0,5151.0
353.8182520866394,54.5,5524.0
354.0736618041992,55.5,5753.0
354.3262505531311,54.5,5413.0
354.57876229286194,54.5,5524.0
354.831250667572,55.0,5533.0
355.0837724208832,54.5,5453.0
355.33637022972107,54.5,5533.0
355.5888214111328,54.5,5191.0
355.8415801525116,54.0,5382.0
356.094300031662,53.0,4735.0
356.3470151424408,52.5,4044.0
356.5996940135956,53.0,4044.0
356.8523931503296,54.0,4541.0
357.1051354408264,53.0,4233.0
357.35793948173523,54.0,5564.0
357.6109504699707,54.5,5453.0
357.86431336402893,54.5,5382.0
358.1249749660492,54.0,5111.0
358.3778827190399,55.0,5382.0
358.6302299499512,55.0,5413.0
358.8829493522644,54.5,5080.0
359.1355068683624,54.5,4775.0
359.3879945278168,54.0,4847.0
359.6404917240143,55.0,5231.0
359.90154790878296,54.5,5000.0
360.1539225578308,56.5,5972.0
360.4065568447113,54.5,5231.0
360.6650550365448,56.0,5674.0
360.91767621040344,54.0,5413.0
361.17004656791687,55.5,5564.0
361.4226989746094,54.0,5413.0
361.675265789032,54.0,5413.0
361.9280824661255,53.0,4702.0
362.18108797073364,53.5,4654.0
362.43598341941833,54.5,5302.0
362.68851232528687,54.5,5263.0
362.94105291366577,54.5,5302.0
363.19376826286316,54.5,5151.0
363.4462733268738,55.0,5713.0
363.6989140510559,55.0,5603.0
363.95165061950684,54.5,5151.0
364.20413184165955,55.5,5902.0
364.45774722099304,56.0,5683.0
364.71562242507935,54.5,5000.0
364.969078540802,55.5,5382.0
365.2217552661896,54.0,4960.0
365.47446155548096,54.5,4887.0
365.7331004142761,54.0,4767.0
365.98566722869873,54.5,5151.0
366.2380335330963,54.5,4967.0
366.49085998535156,54.5,5643.0
366.74324107170105,54.5,5151.0
366.99561762809753,54.5,5453.0
367.2483184337616,54.5,5263.0
367.50090742111206,54.5,5263.0
367.7535638809204,54.5,5231.0
368.0059549808502,55.0,5382.0
368.2655498981476,55.0,5493.0
368.5179235935211,54.5,5223.0
368.7704963684082,55.0,5564.0
369.0232696533203,55.5,5223.0
369.2758541107178,55.5,5603.0
369.528692483902,54.0,5374.0
369.78145813941956,54.5,5413.0
370.0339434146881,54.5,5413.0
370.2865209579468,54.5,5342.0
370.5391902923584,53.0,4394.0
370.79194021224976,52.5,4004.0
371.04472947120667,54.0,4654.0
371.297935962677,54.0,4314.0
371.5504882335663,53.0,3923.0
371.80407094955444,54.0,5223.0
372.057564496994,54.5,5191.0
372.3101406097412,55.0,5111.0
372.56304478645325,55.0,5713.0
372.81625175476074,54.5,5342.0
373.0689043998718,55.5,5493.0
373.32143688201904,54.5,5231.0
373.57400035858154,54.0,5231.0
373.8280100822449,54.0,4468.0
374.080424785614,54.5,5000.0
374.3329916000366,56.0,5643.0
374.58540654182434,55.5,5564.0
374.83860635757446,56.0,6120.0
375.0922386646271,55.0,5793.0
375.34748005867004,55.5,5453.0
375.60018157958984,54.5,5342.0
375.85302805900574,55.0,5294.0
376.11181592941284,54.0,5382.0
376.364625453949,53.0,3848.0
376.6176116466522,53.5,4508.0
376.8704149723053,54.5,5000.0
377.1230912208557,54.5,5342.0
377.3755202293396,55.0,5342.0
377.6280765533447,54.5,5493.0
377.8805251121521,54.5,5382.0
378.1332457065582,55.0,5674.0
378.3859431743622,55.0,5040.0
378.6388306617737,56.0,5753.0
378.893568277359,55.5,5524.0
379.146124124527,54.5,4927.0
379.3985950946808,55.0,5040.0
379.6510944366455,55.5,5302.0
379.90397453308105,54.5,5040.0
380.1564073562622,54.5,4775.0
380.40887928009033,54.5,4541.0
380.66137528419495,54.5,4960.0
380.9167516231537,55.0,5524.0
381.1694130897522,55.0,5231.0
381.4218900203705,54.5,5191.0
381.67440962791443,54.0,4807.0
381.9267818927765,54.5,5160.0
382.1792182922363,55.0,5302.0
382.43156337738037,55.5,5493.0
382.68413639068604,54.0,4847.0
382.9368169307709,56.0,5643.0
383.18937826156616,55.5,5453.0
383.4418218135834,56.0,5382.0
383.6943323612213,55.0,5753.0
383.9535677433014,54.5,5674.0
384.20621252059937,54.5,5342.0
384.45876908302307,54.0,5342.0
384.71137046813965,54.5,5302.0
384.9646112918854,54.0,4085.0
385.21756744384766,54.0,4004.0
385.47030448913574,54.0,4314.0
385.72339272499084,53.0,4273.0
385.97603154182434,54.0,4960.0
386.22846126556396,55.0,5683.0
386.4810185432434,54.5,5263.0
386.73360204696655,54.5,5524.0
386.9863483905792,55.0,5374.0
387.23871088027954,55.5,5413.0
387.49139380455017,55.5,5342.0
387.7438814640045,55.0,5191.0
387.997665643692,54.0,4273.0
388.2502770423889,55.0,4920.0
388.5032048225403,56.0,6011.0
388.75578927993774,55.5,5484.0
389.00870394706726,55.0,5413.0
389.2612109184265,55.5,5713.0
389.5137550830841,55.5,5603.0
389.76650857925415,55.0,5533.0
390.018976688385,54.5,5493.0
390.27161979675293,54.5,5000.0
390.5245599746704,54.5,4574.0
390.77733278274536,54.5,4574.0
391.03710985183716,55.0,5555.0
391.28985953330994,55.0,5413.0
391.54260540008545,55.0,5643.0
391.79517126083374,56.0,5413.0
392.0475695133209,55.0,5453.0
392.3002116680145,55.5,5302.0
392.5530264377594,55.5,5453.0
392.8060345649719,56.5,5902.0
393.05848717689514,56.0,5674.0
393.31126523017883,54.5,5413.0
393.5644874572754,55.0,5342.0
393.81701946258545,54.5,5000.0
394.0694992542267,54.0,4428.0
394.3218448162079,55.0,4960.0
394.5744879245758,55.0,5302.0
394.82684540748596,55.0,5111.0
395.07977771759033,55.0,5191.0
395.3335814476013,56.5,5603.0
395.58604550361633,55.5,5223.0
395.83895921707153,55.0,5342.0
396.09212946891785,55.0,5111.0
396.34458923339844,55.0,5111.0
396.59694933891296,56.0,5634.0
396.85078716278076,55.5,5493.0
397.1034550666809,55.5,5564.0
397.3559875488281,55.0,5493.0
397.61062932014465,55.5,5713.0
397.86320877075195,55.0,5643.0
398.11594319343567,54.5,5382.0
398.36871123313904,55.0,5302.0
398.62167954444885,54.5,5342.0
398.87419533729553,54.0,4240.0
399.12684965133667,53.5,4044.0
399.3795075416565,54.0,4347.0
399.63220858573914,54.0,4501.0
399.88504672050476,54.0,5071.0
400.1387412548065,55.0,5071.0
400.3917660713196,55.0,5302.0
400.6445233821869,54.5,5302.0
400.89944529533386,55.0,5413.0
401.1533558368683,55.5,5603.0
401.40693521499634,55.0,5183.0
401.65938663482666,55.5,5040.0
401.9117238521576,54.5,4880.0
402.16555404663086,55.5,4807.0
402.4196789264679,54.5,5111.0
402.6733114719391,56.5,6051.0
402.92605996131897,57.0,5832.0
403.17873334884644,56.0,5564.0
403.4332160949707,57.0,6347.0
403.6864130496979,55.0,5302.0
403.93898129463196,55.0,5533.0
404.1924328804016,54.5,5374.0
404.44516611099243,54.5,4694.0
404.700088262558,54.5,4654.0
404.95317482948303,54.5,5040.0
405.2076599597931,55.0,5334.0
405.46042108535767,55.5,5863.0
405.71424746513367,55.5,5704.0
405.96767497062683,55.5,5674.0
406.220755815506,55.0,5674.0
406.47419905662537,56.0,5302.0
406.7268054485321,56.0,5413.0
406.9806206226349,55.5,5674.0
407.2331573963165,55.0,5382.0
407.4891345500946,55.5,5564.0
407.74177598953247,55.5,5151.0
407.99471616744995,54.5,4847.0
408.24716567993164,54.5,4548.0
408.5000627040863,55.0,4775.0
408.7523956298828,54.5,4735.0
409.00489044189453,55.0,5111.0
409.25750708580017,55.0,5484.0
409.5135295391083,55.5,5223.0
409.76885199546814,55.0,5031.0
410.0230531692505,55.0,5263.0
410.27897477149963,55.0,5111.0
410.53131890296936,55.0,5223.0
410.78380703926086,55.5,5603.0
411.03756403923035,56.5,5453.0
411.2900116443634,56.5,5263.0
411.54256081581116,55.0,5453.0
411.79588770866394,55.0,5302.0
412.0484070777893,55.5,5342.0
412.3008840084076,56.0,5453.0
412.55365681648254,55.0,5342.0
412.8066759109497,54.5,5111.0
413.0615909099579,54.5,5302.0
413.3158702850342,53.5,4815.0
413.568603515625,53.5,4004.0
413.82205271720886,53.5,4273.0
414.0753493309021,53.5,4159.0
414.32887411117554,55.0,5674.0
414.5827205181122,55.0,5151.0
414.835330247879,55.5,5342.0
415.0878813266754,55.5,5564.0
415.34092378616333,56.0,5374.0
415.59336733818054,55.5,5302.0
415.8457009792328,56.5,5484.0
416.10230684280396,55.0,5263.0
416.3548049926758,55.5,5183.0
416.6072552204132,55.0,5151.0
416.8598165512085,56.5,5603.0
417.1126163005829,55.0,5191.0
417.36553978919983,56.0,6051.0
417.6184329986572,55.5,5533.0
417.87227487564087,56.0,5793.0
418.124929189682,55.5,5382.0
418.377557516098,55.0,5413.0
418.63009905815125,55.5,5342.0
418.8827555179596,55.5,5382.0
419.13759684562683,55.0,4960.0
419.39221477508545,55.0,5382.0
419.6469523906708,56.0,5564.0
419.90078353881836,56.0,5753.0
420.15341305732727,56.5,5524.0
420.4078793525696,55.0,5120.0
420.66018438339233,55.0,5231.0
420.9128882884979,55.5,5533.0
421.1654267311096,55.5,5231.0
421.41913962364197,55.0,5040.0
421.67141366004944,56.5,5603.0
421.92393922805786,56.0,5382.0
422.17750334739685,55.5,5000.0
422.430303812027,55.0,4927.0
422.6853585243225,55.5,5000.0
422.93776535987854,55.5,5191.0
423.19012475013733,55.5,5080.0
423.4425001144409,55.5,5302.0
423.69518876075745,55.5,5302.0
423.94753670692444,55.5,5151.0
424.20192670822144,55.5,5302.0
424.4544529914856,56.0,5302.0
424.70827555656433,56.0,5453.0
424.9608075618744,56.0,5564.0
425.2132029533386,56.5,5603.0
425.46573853492737,56.5,5713.0
425.71915793418884,55.5,5493.0
425.97514367103577,56.5,5533.0
426.22775316238403,56.0,5493.0
426.48067140579224,55.5,5382.0
426.73380756378174,55.5,5382.0
426.98803973197937,55.0,5111.0
427.2459018230438,55.0,5223.0
427.4988143444061,55.0,5080.0
427.75914883613586,53.5,4199.0
428.0120937824249,54.0,4240.0
428.26510310173035,53.5,3963.0
428.5255837440491,54.5,4240.0
428.78058528900146,56.0,5683.0
429.03314208984375,55.5,5382.0
429.28553676605225,55.5,5191.0
429.5379710197449,56.5,5573.0
429.79046750068665,56.5,5524.0
430.0432782173157,56.5,5674.0
430.2999222278595,55.5,5111.0
430.55238580703735,55.5,4735.0
430.8046672344208,55.5,4735.0
431.0570275783539,56.5,5493.0
431.30974674224854,56.5,5564.0
431.56532096862793,55.5,5263.0
431.81829857826233,57.0,6051.0
432.0711507797241,56.5,5493.0
432.333575963974,56.5,5753.0
432.5860786437988,56.0,5382.0
432.8386540412903,55.5,5223.0
433.0911543369293,55.5,5191.0
433.3436758518219,54.5,4428.0
433.59712314605713,55.0,4775.0
433.8500409126282,56.0,5382.0
434.1024167537689,55.5,5231.0
434.3549053668976,55.5,5231.0
434.6074388027191,55.5,5533.0
434.8603653907776,56.0,5342.0
435.12025928497314,55.5,5302.0
435.3726637363434,57.0,5713.0
435.62533235549927,57.0,5564.0
435.8780345916748,56.5,5863.0
436.13050961494446,57.0,5413.0
436.3830134868622,56.0,5302.0
436.6356587409973,55.5,4775.0
436.8881289958954,54.5,4354.0
437.1410632133484,55.0,4622.0
437.3945162296295,55.5,5302.0
437.6468858718872,55.5,5040.0
437.89922308921814,55.5,5231.0
438.1517119407654,56.0,5413.0
438.40437960624695,55.0,4847.0
438.6571810245514,56.0,4960.0
438.91057658195496,56.0,5263.0
439.16306829452515,56.0,5191.0
439.4157350063324,55.5,5302.0
439.668954372406,57.0,5603.0
439.92172622680664,56.5,5533.0
440.1742069721222,56.0,5493.0
440.4266993999481,57.0,5832.0
440.6791491508484,55.5,5342.0
440.9319567680359,55.5,5564.0
441.1847298145294,55.5,5533.0
441.4372673034668,55.0,5302.0
441.69054079055786,54.5,4199.0
441.94313526153564,54.0,4044.0
442.1958496570587,53.5,4428.0
442.44880080223083,54.5,4354.0
442.7016155719757,54.5,5008.0
442.95749020576477,56.0,5753.0
443.21013879776,56.0,5120.0
443.4627501964569,55.5,5302.0
443.7157106399536,56.0,5603.0
443.9685060977936,55.5,5453.0
444.2227056026459,56.0,5342.0
444.4751305580139,56.0,5080.0
444.7279942035675,55.5,5040.0
444.98064661026,56.0,5374.0
445.2334158420563,57.5,6307.0
445.48594212532043,57.0,5453.0
445.7385513782501,55.5,5231.0
445.9909496307373,56.5,5674.0
446.24360036849976,56.5,5643.0
446.49670457839966,56.0,5564.0
446.74968934059143,55.5,5342.0
447.0022482872009,55.0,4159.0
447.2547957897186,55.0,5040.0
447.5074260234833,55.5,5120.0
447.75999760627747,56.0,5643.0
448.0138816833496,55.5,5143.0
448.2763252258301,56.0,5453.0
448.5288932323456,56.0,5342.0
448.78150939941406,56.5,5643.0
449.03465700149536,56.0,5191.0
449.2871644496918,57.0,5603.0
449.5395107269287,57.5,5564.0
449.792023897171,56.0,5342.0
450.0444371700287,56.0,5151.0
450.29786562919617,56.0,5000.0
450.55021023750305,56.0,4702.0
450.80266404151917,55.0,4354.0
451.05504298210144,55.5,5040.0
451.30754590034485,55.0,5040.0
451.56181240081787,55.5,5040.0
451.8144338130951,56.0,5263.0
452.06689834594727,56.0,4694.0
452.3192570209503,55.5,4967.0
452.57218647003174,56.0,5151.0
452.82465147972107,56.0,4967.0
453.07707166671753,55.5,5374.0
453.3306815624237,56.5,5832.0
453.5832257270813,56.0,5382.0
453.83609676361084,56.5,5603.0
454.0890016555786,56.5,5713.0
454.34158539772034,56.0,5713.0
454.59478068351746,56.0,5151.0
454.84757018089294,56.0,5413.0
455.10014367103577,55.0,5151.0
455.3532750606537,55.0,4314.0
455.6061556339264,55.0,4078.0
455.8588089942932,55.0,4159.0
456.1114263534546,55.5,4775.0
456.3641347885132,54.5,3808.0
456.6182246208191,56.0,5342.0
456.874475479126,56.5,5382.0
457.12799739837646,56.0,5000.0
457.3810865879059,56.5,5533.0
457.6379487514496,57.0,5231.0
457.8903341293335,56.0,5942.0
458.14283323287964,57.0,5302.0
458.3951983451843,56.5,5191.0
458.6477608680725,55.5,4807.0
458.9003760814667,55.5,5000.0
459.15306639671326,57.0,6160.0
459.40585708618164,57.5,5493.0
459.658456325531,58.5,6160.0
459.9114513397217,56.5,5564.0
460.1652104854584,58.0,5713.0
460.4177567958832,56.0,5453.0
460.6705861091614,56.0,5793.0
460.9231457710266,55.5,5382.0
461.1760325431824,54.0,4119.0
461.4289343357086,55.5,5111.0
461.68182396888733,56.0,5231.0
461.93432784080505,57.0,5160.0
462.18711256980896,56.0,5422.0
462.4403247833252,56.5,5191.0
462.6928346157074,57.5,5793.0
462.95356798171997,56.0,5302.0
463.20690083503723,55.5,5263.0
463.4592618942261,55.5,5342.0
463.71191573143005,56.5,5564.0
463.9644832611084,56.0,5713.0
464.21713042259216,56.0,5302.0
464.469929933548,56.5,5120.0
464.7225193977356,56.0,4622.0
464.97486877441406,55.5,4815.0
465.2272946834564,56.0,4927.0
465.4797718524933,56.0,5151.0
465.7323753833771,56.0,5263.0
465.9849672317505,56.5,5231.0
466.2375280857086,56.5,5342.0
466.4899570941925,56.0,4967.0
466.7442502975464,56.5,5151.0
466.9978919029236,56.5,5342.0
467.2502818107605,57.5,5603.0
467.5029149055481,56.0,5191.0
467.75580883026123,57.0,5342.0
468.01069378852844,57.5,5342.0
468.2646110057831,56.0,5271.0
468.5170645713806,56.5,5413.0
468.769992351532,56.0,5231.0
469.0225257873535,56.0,5374.0
469.2754352092743,55.5,5271.0
469.52833890914917,55.0,4428.0
469.7812759876251,54.5,4159.0
470.03412437438965,55.0,4119.0
470.2869346141815,55.5,4428.0
470.53945446014404,55.5,3848.0
470.7922203540802,56.0,5643.0
471.0448622703552,56.0,4967.0
471.2973017692566,56.0,5302.0
471.5503327846527,57.0,5603.0
471.8055770397186,57.5,5382.0
472.0580577850342,57.0,5342.0
472.31057238578796,56.5,5151.0
472.5629823207855,56.0,5573.0
472.81541204452515,56.5,4775.0
473.06783866882324,57.5,5453.0
473.3210356235504,58.5,5753.0
473.5737907886505,57.5,5713.0
473.8266501426697,58.0,6011.0
474.0874366760254,56.5,5603.0
474.33998918533325,58.5,6051.0
474.59286618232727,57.0,5603.0
474.8456790447235,56.5,5111.0
475.0982303619385,56.5,5382.0
475.3507115840912,56.0,4662.0
475.60327792167664,56.0,5493.0
475.85640835762024,57.0,5151.0
476.1113362312317,56.5,5493.0
476.37337613105774,57.5,5564.0
476.6269791126251,57.0,5683.0
476.89184308052063,57.0,5564.0
477.1445617675781,56.5,5183.0
477.3972816467285,58.0,5643.0
477.65114283561707,58.0,5524.0
477.9077904224396,56.5,5713.0
478.16035079956055,56.5,5413.0
478.41345715522766,56.5,5080.0
478.66586685180664,56.0,4960.0
478.91937351226807,56.5,5040.0
479.1718556880951,57.5,5413.0
479.42430305480957,56.5,5151.0
479.6841809749603,57.0,5413.0
479.9365613460541,57.0,5263.0
480.18964433670044,56.0,5533.0
480.44216322898865,56.5,5223.0
480.697634935379,57.0,5603.0
480.9500513076782,56.5,5413.0
481.2025008201599,57.0,5374.0
481.4594552516937,57.0,5713.0
481.71199321746826,58.0,5382.0
481.96437525749207,56.5,5263.0
482.21688508987427,57.5,5674.0
482.469438791275,57.5,5342.0
482.7220537662506,56.5,5524.0
482.9746789932251,56.0,5223.0
483.22726583480835,56.5,5183.0
483.4798376560211,56.0,5302.0
483.7324299812317,55.0,4119.0
483.9851818084717,55.5,4199.0
484.23793625831604,56.0,4694.0
484.4905529022217,56.5,5000.0
484.7435040473938,56.5,5263.0
484.99631905555725,56.5,5382.0
485.24931025505066,56.5,5713.0
485.5021228790283,56.5,5263.0
485.7552511692047,56.5,5231.0
486.0103394985199,56.5,5453.0
486.262921333313,57.0,5342.0
486.5152931213379,56.0,4735.0
486.76774430274963,56.0,5000.0
487.0205292701721,57.0,5080.0
487.27805733680725,57.0,5302.0
487.5328211784363,56.5,5643.0
487.78840613365173,57.5,6199.0
488.0490348339081,57.0,5643.0
488.3024456501007,57.5,5972.0
488.55511140823364,57.0,5374.0
488.80784463882446,57.0,5564.0
489.06072425842285,57.0,5342.0
489.31375455856323,56.0,4508.0
489.56635999679565,56.0,5191.0
489.81924057006836,56.5,5080.0
490.0736117362976,56.5,5793.0
490.3266439437866,57.0,5382.0
490.5855402946472,57.0,5453.0
490.8384118080139,56.5,5484.0
491.09114241600037,57.0,5413.0
491.3434946537018,57.0,5302.0
491.59628796577454,57.5,5564.0
491.8527600765228,58.0,5723.0
492.10591292381287,57.0,5863.0
492.3632175922394,56.5,5342.0
492.6161563396454,56.5,5151.0
492.87159180641174,56.5,4847.0
493.1247525215149,56.0,4735.0
493.37697100639343,56.5,4654.0
493.6297779083252,56.5,5160.0
493.883234500885,58.0,5493.0
494.1356167793274,57.0,5111.0
494.3879237174988,57.0,5342.0
494.640438079834,56.5,5000.0
494.89292550086975,57.0,5271.0
495.14527773857117,56.5,5231.0
495.40252804756165,57.0,5382.0
495.6567530632019,57.5,5713.0
495.917019367218,57.0,5683.0
496.1695644855499,56.0,5413.0
496.42271852493286,56.5,5603.0
496.6760849952698,56.5,5453.0
496.92874574661255,56.5,5120.0
497.18131852149963,57.0,5342.0
497.4411015510559,56.0,5191.0
497.6936688423157,56.5,5302.0
497.9466292858124,54.5,4159.0
498.19925022125244,55.0,4044.0
498.4520936012268,55.0,4085.0
498.70501136779785,55.5,4927.0
498.95767521858215,56.5,4847.0
499.2103519439697,56.5,5302.0
499.46319341659546,56.5,5071.0
499.7157266139984,56.0,4847.0
499.96810507774353,56.5,5713.0
500.2207670211792,57.5,5564.0
500.4732987880707,57.0,5533.0
500.7269434928894,58.0,5151.0
500.9800658226013,56.5,4775.0
501.23279070854187,56.5,4735.0
501.485214471817,57.0,5564.0
501.7377235889435,57.5,5713.0
501.9901473522186,58.5,6160.0
502.24260091781616,56.5,5573.0
502.49498653411865,57.0,5643.0
502.74802136421204,57.0,5643.0
503.000821352005,57.0,5683.0
503.25359582901,56.5,5263.0
503.5063602924347,55.5,4468.0
503.75895500183105,56.0,4694.0
504.011931180954,56.5,4887.0
504.26442289352417,57.0,5342.0
504.516713142395,57.0,5263.0
504.76910400390625,57.0,5823.0
505.02180433273315,57.5,5793.0
505.2752323150635,57.5,5643.0
505.5290403366089,58.5,5573.0
505.7813251018524,57.0,5643.0
506.03431940078735,57.0,5564.0
506.2871174812317,57.5,5863.0
506.5395567417145,56.5,5040.0
506.79282450675964,57.5,5263.0
507.05059337615967,57.0,4927.0
507.30581641197205,56.5,4581.0
507.5581924915314,57.0,4960.0
507.8251533508301,57.0,5080.0
508.078241109848,57.0,5263.0
508.3320965766907,57.0,5223.0
508.58459281921387,57.0,5231.0
508.8370678424835,57.5,5151.0
509.08954215049744,57.0,4887.0
509.3435435295105,57.5,5223.0
509.596040725708,57.5,5453.0
509.8499872684479,57.0,5263.0
510.10264778137207,58.0,5533.0
510.3551993370056,57.5,5683.0
510.6075668334961,57.0,5302.0
510.8616714477539,57.5,5413.0
511.11434721946716,57.0,5564.0
511.36670756340027,58.0,5753.0
511.6209077835083,58.0,5533.0
511.87636280059814,57.5,5453.0
512.1303732395172,56.5,5111.0
512.386824131012,56.0,4004.0
512.6411850452423,56.0,4119.0
512.8941841125488,56.0,4581.0
513.1515755653381,56.5,4662.0
513.4043054580688,56.5,5191.0
513.656964302063,56.5,5603.0
513.9096670150757,57.5,5342.0
514.1624097824097,57.5,5493.0
514.4198241233826,56.5,5040.0
514.6720516681671,58.0,5111.0
514.9255568981171,57.5,5493.0
515.1780605316162,57.5,5191.0
515.4304966926575,56.5,4735.0
515.6829161643982,56.5,4662.0
515.9353358745575,57.0,5643.0
516.1879422664642,58.5,5723.0
516.4465708732605,57.0,5422.0
516.7031571865082,57.0,5533.0
516.9562520980835,57.0,5524.0
517.2085843086243,57.0,5413.0
517.4610285758972,57.0,5413.0
517.7181663513184,57.0,5302.0
517.9711134433746,56.5,4622.0
518.224399805069,56.5,4807.0
518.4772136211395,57.0,5493.0
518.7297775745392,56.5,5231.0
518.9838225841522,57.0,5533.0
519.24063539505,57.5,5302.0
519.4933516979218,57.0,5223.0
519.7487802505493,57.5,5564.0
520.0012397766113,58.0,5382.0
520.2563004493713,57.0,5413.0
520.5099918842316,57.0,5603.0
520.7629339694977,57.5,5683.0
521.0172452926636,57.0,5302.0
521.2799572944641,57.5,5533.0
521.5323646068573,57.0,5111.0
521.784820318222,57.0,4735.0
522.0372951030731,57.0,4428.0
522.2937026023865,57.0,5111.0
522.5460765361786,58.0,5382.0
522.798547744751,57.5,5191.0
523.0547459125519,57.5,5453.0
523.307371377945,57.0,5263.0
523.559999704361,57.5,5080.0
523.812459230423,57.5,5263.0
524.0648789405823,57.5,5000.0
524.3178944587708,57.5,5302.0
524.5712513923645,57.5,5674.0
524.8258872032166,58.0,5603.0
525.0798223018646,58.0,5191.0
525.3321561813354,58.5,5564.0
525.5847096443176,58.0,5564.0
525.8372559547424,57.5,5533.0
526.089946269989,57.5,5382.0
526.3426358699799,57.0,5342.0
526.5953736305237,57.0,4159.0
526.8490078449249,56.0,4125.0
527.101699590683,55.5,3929.0
527.3545551300049,56.5,4662.0
527.6071059703827,56.5,4927.0
527.8604435920715,57.0,5191.0
528.1131043434143,58.0,5493.0
528.3656771183014,57.5,5564.0
528.6184742450714,57.5,5603.0
528.8713612556458,57.0,5564.0
529.1239533424377,57.0,5231.0
529.3764252662659,58.0,5413.0
529.6293551921844,57.0,5040.0
529.88201379776,57.5,5231.0
530.1346175670624,57.0,4662.0
530.3870210647583,57.5,5191.0
530.6395246982574,59.5,6091.0
530.8922555446625,58.0,5753.0
531.1453306674957,58.0,6051.0
531.3978424072266,57.5,5484.0
531.6505975723267,59.0,5902.0
531.9035227298737,57.0,5453.0
532.1561853885651,57.5,5263.0
532.4086949825287,57.5,5080.0
532.6613321304321,57.0,5111.0
532.913961648941,57.5,5382.0
533.1685290336609,57.5,5302.0
533.421059846878,57.5,5413.0
533.673502445221,58.0,5533.0
533.9333963394165,58.0,5674.0
534.1870293617249,58.0,5413.0
534.4395942687988,58.5,5533.0
534.6924276351929,58.0,5484.0
534.9458425045013,57.0,5302.0
535.198511838913,58.5,5453.0
535.4511072635651,58.0,5263.0
535.7036838531494,58.0,5080.0
535.9562950134277,57.5,4815.0
536.2088747024536,57.5,5080.0
536.4618721008301,57.5,4967.0
536.7142724990845,57.5,4622.0
536.9669151306152,57.5,5191.0
537.2192678451538,57.5,5191.0
537.4717569351196,57.5,5151.0
537.7241802215576,57.5,5263.0
537.9766392707825,58.5,5493.0
538.2291781902313,57.5,5231.0
538.4817070960999,57.5,5413.0
538.7342863082886,58.5,5231.0
538.9867222309113,57.5,5603.0
539.2393953800201,57.5,5603.0
539.4919009208679,57.5,5564.0
539.7444396018982,58.0,5302.0
539.9970309734344,57.5,5413.0
540.2497363090515,58.0,5533.0
540.5021266937256,57.5,5294.0
540.76300740242,57.5,5413.0
541.015674829483,57.0,5223.0
541.268411397934,56.5,4004.0
541.5224204063416,56.5,4159.0
541.7792954444885,56.5,4240.0
542.0321455001831,56.5,4387.0
542.2859575748444,57.0,5111.0
542.5387890338898,58.0,5453.0
542.7914152145386,58.0,5603.0
543.0440504550934,57.5,5683.0
543.2967531681061,58.5,5793.0
543.549384355545,58.0,5603.0
543.801908493042,57.5,5342.0
544.0543615818024,57.5,5302.0
544.3067603111267,58.0,5342.0
544.5595071315765,57.0,4887.0
544.8150186538696,58.0,5413.0
545.0675358772278,58.0,5932.0
545.3200681209564,58.0,5524.0
545.5726914405823,58.5,6091.0
545.825888633728,57.5,5542.0
546.0883870124817,58.5,5753.0
546.3414313793182,58.0,5413.0
546.5938792228699,57.5,5120.0
546.8462746143341,57.5,5263.0
547.0988774299622,58.0,5151.0
547.3520481586456,57.5,5263.0
547.6050202846527,57.5,5120.0
547.8574278354645,58.0,5713.0
548.1135654449463,58.0,5271.0
548.3770503997803,58.0,5674.0
548.6295576095581,58.5,5533.0
548.8821189403534,57.5,5524.0
549.1346526145935,58.5,5453.0
549.387443780899,58.0,5603.0
549.6411099433899,59.0,5783.0
549.8941287994385,58.5,5374.0
550.1466977596283,57.5,4927.0
550.3991568088531,57.5,4807.0
550.6517567634583,57.5,5111.0
550.9041996002197,57.0,4508.0
551.156790971756,57.0,5151.0
551.4094622135162,57.5,5453.0
551.6657726764679,57.5,5223.0
551.9191315174103,58.0,5374.0
552.1760702133179,57.5,5334.0
552.4297723770142,57.5,5151.0
552.6821539402008,57.5,5342.0
552.9351522922516,58.0,5413.0
553.1877772808075,58.5,5643.0
553.4413013458252,59.0,5453.0
553.694216966629,57.5,5413.0
553.9483683109283,58.5,5524.0
554.2020139694214,58.5,5674.0
554.454375743866,57.5,5342.0
554.7074639797211,57.5,5223.0
554.9601089954376,57.5,5151.0
555.2128744125366,57.5,5263.0
555.4660265445709,56.0,4078.0
555.7186415195465,56.0,4119.0
555.9714632034302,56.5,4347.0
556.2242245674133,57.5,4314.0
556.4770400524139,57.5,5080.0
556.7417230606079,58.0,5413.0
556.9954495429993,57.5,5713.0
557.2479145526886,57.5,5413.0
557.5011477470398,58.0,5713.0
557.7538619041443,58.0,5493.0
558.0066990852356,58.5,5453.0
558.2590544223785,58.5,5382.0
558.5115478038788,57.5,5040.0
558.7640333175659,57.0,4273.0
559.0165283679962,58.0,5031.0
559.2691030502319,58.0,5932.0
559.5216066837311,57.5,5223.0
559.7741386890411,59.0,6041.0
560.033548116684,57.5,5493.0
560.2971005439758,58.0,5374.0
560.5497920513153,57.5,5374.0
560.80286693573,57.0,5031.0
561.0554404258728,57.5,5374.0
561.3082230091095,57.0,5263.0
561.5609693527222,57.0,4807.0
561.8136076927185,57.5,5334.0
562.072509765625,58.0,5302.0
562.3252444267273,58.5,5643.0
562.5779030323029,58.5,5382.0
562.8308618068695,58.5,5713.0
563.0833616256714,58.5,5453.0
563.3362214565277,58.5,5493.0
563.5887913703918,59.5,5863.0
563.8416137695312,58.0,5382.0
564.0942535400391,58.5,5713.0
564.3468618392944,58.0,5533.0
564.5991172790527,58.0,5080.0
564.8514466285706,58.0,5120.0
565.1039702892303,57.5,4847.0
565.3567323684692,57.5,4815.0
565.6091799736023,57.5,4541.0
565.8655409812927,57.5,5120.0
566.1179389953613,58.0,5453.0
566.3791372776031,58.0,5342.0
566.6314678192139,58.0,5191.0
566.8838362693787,57.5,4927.0
567.1384496688843,58.0,5271.0
567.3916714191437,58.0,5302.0
567.6539525985718,58.5,5342.0
567.907167673111,58.0,4927.0
568.1603507995605,59.0,5643.0
568.4138517379761,58.5,5643.0
568.6664144992828,58.5,5413.0
568.918673992157,57.5,5493.0
569.1721885204315,57.5,5040.0
569.4278085231781,58.5,5564.0
569.6827609539032,57.5,5342.0
569.9351751804352,57.0,4468.0
570.1879093647003,57.0,3963.0
570.4412581920624,57.0,4159.0
570.6952376365662,57.5,4662.0
570.9479563236237,57.0,5040.0
571.2006351947784,57.5,5413.0
571.4533152580261,57.5,5342.0
571.7062790393829,58.0,5342.0
571.9597482681274,58.0,5863.0
572.2131879329681,58.0,5603.0
572.4714782238007,58.5,5713.0
572.7242710590363,58.0,5111.0
572.9790353775024,57.5,4775.0
573.2316746711731,57.5,4775.0
573.484201669693,57.5,5080.0
573.7378401756287,59.0,5683.0
573.9901537895203,59.5,6120.0
574.24272108078,58.0,5413.0
574.4952607154846,60.0,6601.0
574.7489328384399,58.0,5603.0
575.0017037391663,58.5,5302.0
575.2545773983002,58.0,5533.0
575.5085270404816,56.5,4199.0
575.7611627578735,57.0,4387.0
576.0136396884918,57.5,4622.0
576.2660179138184,58.0,5603.0
576.5194089412689,58.0,5223.0
576.7766280174255,58.5,5793.0
577.0306043624878,58.0,5374.0
577.2839159965515,58.0,5564.0
577.5361912250519,58.0,5413.0
577.7895936965942,58.0,5342.0
578.0439157485962,59.0,5902.0
578.2964134216309,58.0,5151.0
578.5494437217712,58.0,5151.0
578.8019347190857,58.0,4847.0
579.0548067092896,58.0,4887.0
579.3075969219208,58.0,4548.0
579.5617020130157,57.5,4967.0
579.8196387290955,58.5,5453.0
580.0726320743561,58.0,5413.0
580.3250358104706,58.0,5342.0
580.5791251659393,58.0,5271.0
580.8316006660461,58.0,5382.0
581.0841846466064,58.0,5191.0
581.3366873264313,58.0,5382.0
581.5892548561096,58.0,5302.0
581.8418092727661,58.0,5603.0
582.098450422287,58.0,5674.0
582.3512465953827,59.0,5564.0
582.6044087409973,58.5,5374.0
582.8571355342865,58.5,5674.0
583.110404253006,58.5,5533.0
583.3627998828888,58.0,5263.0
583.6159446239471,58.0,4927.0
583.868504524231,58.0,5342.0
584.1213307380676,56.5,4119.0
584.3740894794464,56.5,4199.0
584.6268281936646,56.5,4273.0
584.8817331790924,57.5,4394.0
585.1369049549103,57.5,5071.0
585.3897390365601,58.0,5643.0
585.6421475410461,57.5,5342.0
585.8945949077606,58.0,5231.0
586.1471967697144,58.5,5533.0
586.399843454361,58.0,5271.0
586.6529057025909,58.0,5342.0
586.9061758518219,58.5,5334.0
587.1588764190674,58.0,5191.0
587.4118733406067,58.0,4967.0
587.668219089508,59.5,5753.0
587.9208226203918,59.5,5533.0
588.1733503341675,59.0,6011.0
588.4260668754578,58.0,5713.0
588.6790225505829,59.5,6160.0
588.93141746521,59.0,5823.0
589.1840825080872,58.0,5603.0
589.4368216991425,58.0,5413.0
589.6894240379333,57.5,4468.0
589.9421515464783,58.0,5151.0
590.1947391033173,58.0,5342.0
590.4490473270416,57.5,4807.0
590.7022442817688,57.5,5564.0
590.955037355423,59.5,5231.0
591.2077534198761,58.0,5302.0
591.4602334499359,58.0,5413.0
591.7128686904907,59.5,5603.0
591.9654252529144,58.5,5643.0
592.2180082798004,58.0,5453.0
592.4707961082458,58.0,5564.0
592.7244710922241,58.5,5382.0
592.9770798683167,59.5,5151.0
593.2297711372375,57.5,4815.0
593.482263803482,58.0,4927.0
593.7347390651703,58.5,5223.0
593.987683057785,58.5,5302.0
594.2408957481384,58.0,5462.0
594.4936754703522,58.5,5342.0
594.7462091445923,58.5,5564.0
594.9986114501953,58.5,5040.0
595.2511239051819,58.5,5231.0
595.503856420517,59.0,5863.0
595.7563374042511,59.5,5823.0
596.0088980197906,59.0,5382.0
596.2617676258087,59.0,5783.0
596.5144095420837,58.5,5493.0
596.7669146060944,58.5,5524.0
597.0192828178406,59.5,5902.0
597.2717180252075,58.5,5533.0
597.524539232254,58.5,5374.0
597.7780313491821,57.5,5413.0
598.0313391685486,57.0,4428.0
598.2840571403503,56.5,4119.0
598.5370271205902,56.5,4119.0
598.7898759841919,57.5,4581.0
599.0424802303314,56.5,4541.0
599.3002378940582,58.0,5524.0
599.5538198947906,58.0,5524.0
599.8072080612183,58.0,5524.0
600.0603249073029,58.5,5603.0
600.3130929470062,58.0,5263.0
600.565637588501,59.0,5453.0
600.8180246353149,59.0,5151.0
601.0711846351624,58.5,5231.0
601.3234701156616,58.0,4428.0
601.575865983963,58.5,5151.0
601.8285789489746,59.5,5972.0
602.0840723514557,60.0,5932.0
602.3402369022369,59.0,5603.0
602.5928354263306,59.0,5863.0
602.8455698490143,58.5,5674.0
603.0982706546783,58.5,5713.0
603.3510096073151,59.0,5603.0
603.6050245761871,57.5,4314.0
603.8581006526947,58.0,4694.0
604.1107566356659,58.0,4960.0
604.3634305000305,58.0,5223.0
604.6161875724792,58.0,5413.0
604.8690390586853,58.5,5674.0
605.1251254081726,59.0,5713.0
605.3780198097229,58.5,5524.0
605.6309568881989,58.5,5413.0
605.8847539424896,58.0,5151.0
606.1424634456635,59.0,5674.0
606.3951172828674,58.0,5753.0
606.6482663154602,59.0,5832.0
606.9015147686005,58.5,5071.0
607.1543765068054,58.5,5040.0
607.4068880081177,57.5,4807.0
607.6614336967468,58.5,4735.0
607.9159252643585,59.0,5040.0
608.1683049201965,58.5,5263.0
608.4222931861877,59.0,5302.0
608.6746890544891,58.5,5342.0
608.9270677566528,58.5,5603.0
609.1795485019684,58.0,5263.0
609.4321489334106,58.5,5342.0
609.6846346855164,58.5,5223.0
609.9371438026428,59.0,5453.0
610.1895942687988,58.5,5191.0
610.4418828487396,58.5,5302.0
610.69455909729,59.5,5564.0
610.9479553699493,59.5,5413.0
611.2005202770233,59.0,5493.0
611.4530799388885,59.5,5674.0
611.7055766582489,58.5,5564.0
611.9581453800201,58.5,5453.0
612.210676908493,58.0,5342.0
612.4635407924652,57.5,4314.0
612.7165541648865,57.5,4119.0
612.9693567752838,57.0,4428.0
613.2220344543457,57.0,4428.0
613.4748215675354,58.0,5111.0
613.7275609970093,58.5,5223.0
613.9800758361816,59.0,5753.0
614.2328367233276,58.5,5453.0
614.4857068061829,59.0,5342.0
614.7379474639893,59.0,5753.0
614.9911453723907,59.0,5564.0
615.2477116584778,58.5,5263.0
615.5003371238708,58.5,4927.0
615.7526965141296,58.5,4735.0
616.0051193237305,59.5,5643.0
616.2574460506439,59.5,5564.0
616.5104615688324,59.5,5753.0
616.763108253479,59.0,5793.0
617.015438079834,59.0,5564.0
617.2681035995483,58.5,5674.0
617.5210933685303,59.0,5603.0
617.7764294147491,59.0,5524.0
618.0288717746735,57.5,4541.0
618.281688451767,58.0,4662.0
618.5342876911163,58.5,4887.0
618.7867290973663,59.0,5493.0
619.0391268730164,59.0,5753.0
619.2932004928589,59.5,5823.0
619.5460071563721,59.0,5603.0
619.7984135150909,59.5,5524.0
620.0508551597595,58.0,5223.0
620.3032186031342,58.5,5493.0
620.5559554100037,58.5,5674.0
620.8087859153748,58.5,5713.0
621.0614488124847,59.5,5533.0
621.3171348571777,58.5,5080.0
621.5697321891785,58.5,5080.0
621.8221170902252,58.5,4775.0
622.0745632648468,57.5,4193.0
622.3271770477295,58.5,5071.0
622.5797464847565,58.5,5111.0
622.8325974941254,58.0,5111.0
623.086229801178,59.0,5334.0
623.3394503593445,60.0,5643.0
623.5921204090118,58.0,5040.0
623.8445889949799,58.5,5191.0
624.0970547199249,58.5,5040.0
624.3494877815247,59.0,5334.0
624.6020963191986,58.5,5643.0
624.8544464111328,59.0,5191.0
625.1068749427795,59.5,5823.0
625.3594071865082,59.0,5533.0
625.6135540008545,59.5,5603.0
625.8661458492279,59.0,5263.0
626.1184656620026,58.5,5453.0
626.3710806369781,58.0,5302.0
626.623950958252,58.0,4240.0
626.8770062923431,58.0,4159.0
627.1298494338989,57.5,4159.0
627.38303399086,58.0,4694.0
627.6356089115143,58.0,4004.0
627.8887436389923,58.0,5263.0
628.1432945728302,58.5,5263.0
628.3955900669098,58.5,5413.0
628.6486597061157,59.0,5753.0
628.9070608615875,58.5,5263.0
629.1655690670013,58.5,5191.0
629.4266288280487,58.5,5231.0
629.6791117191315,58.5,4847.0
629.9318084716797,58.0,4775.0
630.1843750476837,59.0,5524.0
630.4372465610504,58.5,5972.0
630.689843416214,59.5,5793.0
630.9421494007111,59.0,5863.0
631.194849729538,59.5,5863.0
631.4472296237946,58.5,5533.0
631.6998763084412,58.5,5342.0
631.9527337551117,58.5,5382.0
632.2053062915802,58.0,5342.0
632.4578552246094,56.5,4004.0
632.7107164859772,58.0,4927.0
632.9631259441376,58.5,5342.0
633.2157633304596,58.5,5453.0
633.468240737915,59.0,5263.0
633.7209310531616,59.0,5634.0
633.9735622406006,58.5,5302.0
634.2260522842407,60.0,5674.0
634.4786112308502,58.5,5111.0
634.7309873104095,58.5,5422.0
634.9832882881165,59.5,5674.0
635.2358343601227,60.5,5603.0
635.4881207942963,59.5,5263.0
635.7465529441833,58.5,5151.0
636.0122635364532,58.0,4735.0
636.2648131847382,57.5,4468.0
636.5172643661499,58.0,4622.0
636.7696073055267,59.0,5111.0
637.0220193862915,58.0,4654.0
637.2743504047394,58.5,5263.0
637.5266709327698,58.5,5342.0
637.7791664600372,58.5,5524.0
638.0323626995087,58.5,5120.0
638.2853713035583,58.5,5302.0
638.5382540225983,58.5,5634.0
638.791998386383,59.0,5453.0
639.044490814209,58.5,5453.0
639.2970204353333,60.0,5982.0
639.5494468212128,58.5,5413.0
639.8051376342773,59.0,5683.0
640.0575814247131,60.5,5444.0
640.3104264736176,58.5,5413.0
640.5631573200226,59.0,5342.0
640.8156199455261,58.0,5493.0
641.0684626102448,58.0,5342.0
641.3216359615326,58.0,4233.0
641.5745003223419,58.0,4159.0
641.827499628067,58.0,4581.0
642.0802118778229,58.5,4581.0
642.3349847793579,58.0,5000.0
642.5873785018921,58.0,5713.0
642.8400740623474,58.0,5493.0
643.0926556587219,59.5,5863.0
643.345226764679,59.5,5564.0
643.5977222919464,59.5,5643.0
643.8503313064575,60.0,5453.0
644.1027762889862,59.0,5342.0
644.3552827835083,58.0,5080.0
644.6078720092773,59.0,5263.0
644.8681674003601,59.5,5342.0
645.1211225986481,59.0,5863.0
645.3736944198608,60.5,6120.0
645.6264626979828,60.0,6386.0
645.8789539337158,59.0,5972.0
646.132200717926,59.0,5603.0
646.3850953578949,59.0,5603.0
646.6429336071014,59.0,5382.0
646.8957777023315,57.0,4694.0
647.1485295295715,58.0,5271.0
647.4010453224182,58.5,5271.0
647.6540811061859,59.5,5643.0
647.9068124294281,58.0,5453.0
648.159392118454,59.5,5493.0
648.4149279594421,59.5,5603.0
648.6674120426178,58.5,5223.0
648.9207298755646,59.5,5533.0
649.1734991073608,59.5,5972.0
649.4260113239288,59.0,5374.0
649.6782846450806,58.5,5744.0
649.9322147369385,59.0,5493.0
650.1861743927002,58.5,5000.0
650.4409160614014,59.0,4960.0
650.6937000751495,58.5,5080.0
650.9459924697876,58.5,4622.0
651.1987152099609,59.0,5040.0
651.453090429306,59.0,5151.0
651.7059791088104,59.0,5271.0
651.9585084915161,58.5,5382.0
652.2111666202545,59.0,5263.0
652.4651606082916,58.5,5120.0
652.7235131263733,59.0,5342.0
652.976550579071,59.5,5413.0
653.2293808460236,59.5,5000.0
653.4824969768524,59.5,5683.0
653.7365338802338,59.5,5493.0
653.9889168739319,60.0,5564.0
654.2415766716003,60.0,5524.0
654.4941582679749,59.5,5533.0
654.7466714382172,58.5,5413.0
654.9999902248383,58.0,5564.0
655.2531125545502,58.5,5453.0
655.5056931972504,58.0,4702.0
655.758376121521,58.0,4119.0
656.0110297203064,58.0,4119.0
656.2637188434601,57.0,4314.0
656.5177528858185,58.0,4735.0
656.7783823013306,59.0,5674.0
657.0320160388947,58.5,5223.0
657.2855575084686,59.5,5374.0
657.54230427742,59.0,5382.0
657.7953000068665,59.0,5080.0
658.0481443405151,59.0,5080.0
658.3011837005615,58.0,4847.0
658.5540180206299,59.5,5603.0
658.8080122470856,60.0,5753.0
659.06502866745,58.5,5191.0
659.318305015564,59.5,5823.0
659.5706887245178,59.0,5453.0
659.8231415748596,60.5,5863.0
660.075733423233,58.5,5263.0
660.3301553726196,59.0,5453.0
660.5827283859253,59.0,5263.0
660.8359036445618,58.5,5564.0
661.0914723873138,58.5,5374.0
661.3459620475769,58.5,5453.0
661.6135854721069,59.0,5334.0
661.8688035011292,59.0,5533.0
662.1217622756958,59.5,5493.0
662.3745746612549,60.0,5832.0
662.6270668506622,58.5,5008.0
662.8793737888336,59.5,5564.0
663.1317749023438,59.5,5564.0
663.3841259479523,59.5,5674.0
663.6369016170502,59.0,5223.0
663.8895754814148,59.0,5524.0
664.142392873764,59.0,5302.0
664.3962407112122,59.0,5413.0
664.6488256454468,60.0,5374.0
664.9106118679047,59.0,5000.0
665.1702198982239,59.5,5040.0
665.4225826263428,58.5,5564.0
665.6753809452057,59.0,5191.0
665.9279274940491,59.0,5231.0
666.1806468963623,59.0,5342.0
666.4335672855377,59.5,5493.0
666.6861639022827,59.5,5223.0
666.9386451244354,59.0,5302.0
667.1910495758057,59.5,5111.0
667.4435739517212,59.0,5302.0
667.6962096691132,59.5,5151.0
667.9489300251007,59.0,5484.0
668.2032055854797,59.5,5533.0
668.4570457935333,59.5,5263.0
668.7135674953461,60.0,5564.0
668.9673829078674,60.0,5453.0
669.2256581783295,59.5,5263.0
669.4785816669464,59.0,5493.0
669.7320930957794,59.0,5111.0
669.9846386909485,59.0,5223.0
670.2378993034363,59.0,5453.0
670.4910082817078,57.0,4273.0
670.7437832355499,59.0,5564.0
670.9965291023254,59.0,5263.0
671.249799489975,60.0,5603.0
671.5025761127472,59.0,5533.0
671.7555358409882,59.0,5342.0
672.0081539154053,58.5,4622.0
672.2607481479645,59.0,5382.0
672.5165183544159,59.5,5413.0
672.7690975666046,59.5,5683.0
673.0216722488403,59.0,5413.0
673.2740252017975,60.0,5564.0
673.5262422561646,59.0,5223.0
673.7786085605621,59.0,5444.0
674.032220363617,59.0,5453.0
674.2851753234863,59.5,5713.0
674.5377607345581,59.0,5413.0
674.7902095317841,60.5,6051.0
675.0437409877777,59.0,5374.0
675.2965228557587,59.0,5191.0
675.5492060184479,59.0,5453.0
675.8019926548004,58.5,4887.0
676.0544331073761,59.0,5603.0
676.307455778122,59.0,5444.0
676.5615389347076,59.5,5533.0
676.8140594959259,58.5,5120.0
677.0693128108978,59.5,5342.0
677.3402888774872,59.5,5674.0
677.5928111076355,59.5,5643.0
677.8453633785248,59.0,5374.0
678.0984110832214,59.5,5263.0
678.3509805202484,59.0,5271.0
678.6032967567444,59.0,4775.0
678.8557515144348,60.5,5453.0
679.1084833145142,59.5,5453.0
679.3617725372314,59.0,5151.0
679.6141331195831,59.5,5374.0
679.8684244155884,59.0,5080.0
680.1208348274231,58.5,4581.0
680.3732466697693,59.5,5111.0
680.6257996559143,59.0,5080.0
680.8782334327698,60.0,5484.0
681.1311042308807,59.5,5342.0
681.3835439682007,59.0,5713.0
681.6363942623138,59.5,5493.0
681.8891451358795,59.0,5413.0
682.1416330337524,59.5,5302.0
682.3940145969391,59.5,5493.0
682.6467745304108,59.0,5191.0
682.8992021083832,59.5,5564.0
683.15220952034,59.0,5564.0
683.405074596405,59.0,5493.0
683.6578195095062,60.0,5674.0
683.9131784439087,59.0,5302.0
684.1657009124756,59.5,5302.0
684.4193458557129,58.5,4855.0
684.6720843315125,57.5,4159.0
684.9250972270966,57.5,4159.0
685.1820631027222,59.0,5334.0
685.4345943927765,59.0,5713.0
685.6871409416199,59.0,5263.0
685.939781665802,59.5,5294.0
686.1924588680267,60.0,5972.0
686.4452738761902,59.5,5453.0
686.6978340148926,60.5,5524.0
686.9504055976868,59.0,4960.0
687.2027695178986,59.5,5444.0
687.4552783966064,60.0,5674.0
687.708756685257,60.5,5151.0
687.9611852169037,60.0,5453.0
688.2145848274231,60.0,5374.0
688.4673140048981,61.0,6228.0
688.7201642990112,59.5,5524.0
688.9727127552032,60.5,5674.0
689.2252597808838,59.5,5683.0
689.4781255722046,59.0,4927.0
689.73077917099,59.5,5302.0
689.98393201828,59.0,5484.0
690.2378990650177,59.0,5111.0
690.4909245967865,59.5,5342.0
690.7436194419861,60.0,5753.0
690.9961447715759,59.5,5374.0
691.2487661838531,59.5,5413.0
691.5016531944275,59.0,5111.0
691.754508972168,60.5,5524.0
692.0069403648376,60.0,5374.0
692.260137796402,59.5,5634.0
692.5135176181793,59.5,5643.0
692.7662558555603,59.5,5753.0
693.0193860530853,59.5,5422.0
693.2725064754486,59.5,5374.0
693.5251226425171,59.5,5413.0
693.7775371074677,59.5,5382.0
694.029876947403,59.0,4960.0
694.2826433181763,58.5,5120.0
694.5352637767792,59.0,4847.0
694.7876353263855,59.0,5223.0
695.0401651859283,59.5,5302.0
695.2937858104706,59.5,5183.0
695.5461618900299,60.0,5302.0
695.7986741065979,59.0,5191.0
696.0510380268097,60.0,5413.0
696.3048379421234,59.5,5444.0
696.5578575134277,59.0,5484.0
696.8124918937683,58.5,4847.0
697.065913438797,59.5,5453.0
697.3183691501617,60.0,5493.0
697.5719261169434,59.5,5643.0
697.8248670101166,60.0,5413.0
698.0787613391876,60.5,5603.0
698.3394229412079,59.5,5263.0
698.5921173095703,59.0,5422.0
698.8447682857513,59.0,4775.0
699.0976541042328,57.5,4044.0
699.3505616188049,58.0,4548.0
699.6032190322876,58.0,4267.0
699.8622641563416,59.5,5603.0
700.11496758461,59.0,5302.0
700.3689694404602,59.0,5191.0
700.6216039657593,59.5,5674.0
700.8743059635162,59.5,5413.0
701.1268830299377,58.5,5151.0
701.3794112205505,59.0,5263.0
701.6323957443237,60.0,5594.0
701.890280008316,60.0,5191.0
702.1427903175354,60.0,5374.0
702.3953142166138,60.5,6011.0
702.6479451656342,59.0,4960.0
702.9005541801453,60.5,6002.0
703.1531226634979,60.5,5783.0
703.4057471752167,59.5,5674.0
703.658704996109,59.5,5405.0
703.9117569923401,59.0,5405.0
704.1645805835724,59.0,5183.0
704.4173200130463,59.0,5405.0
704.6700956821442,59.0,5143.0
704.9237976074219,59.0,5342.0
705.1780951023102,59.0,5413.0
705.4307940006256,59.0,5413.0
705.6838552951813,60.0,5674.0
705.9373190402985,59.5,5374.0
706.1898159980774,60.0,5493.0
706.4421224594116,60.5,6081.0
706.6951231956482,60.5,5823.0
706.9484977722168,60.5,5422.0
707.2137725353241,59.0,5000.0
707.4702911376953,59.5,5302.0
707.7228646278381,59.5,5263.0
707.9756388664246,59.5,5191.0
708.2282636165619,59.5,5191.0
708.4810476303101,60.5,5342.0
708.7334372997284,60.0,5080.0
708.985808134079,59.5,5191.0
709.2382538318634,60.5,5302.0
709.4907927513123,59.0,4967.0
709.7434000968933,59.5,5263.0
709.9970586299896,59.5,5342.0
710.268239736557,59.5,5453.0
710.5211591720581,59.5,5263.0
710.7735638618469,60.0,5382.0
711.0260665416718,59.0,5302.0
711.2786724567413,59.5,5263.0
711.5313050746918,58.5,5564.0
711.7839505672455,59.0,5223.0
712.0364410877228,60.0,5524.0
712.2935750484467,60.0,5493.0
712.54638671875,59.5,5000.0
712.7988212108612,59.5,5753.0
713.0513167381287,59.0,5453.0
713.30428647995,59.0,4807.0
713.569301366806,58.5,4694.0
713.8220386505127,58.5,4622.0
714.0747969150543,59.0,5000.0
714.3279647827148,57.5,4273.0
714.5875632762909,59.0,5000.0
714.8451907634735,59.5,5942.0
715.0981230735779,59.0,5080.0
715.3507702350616,59.0,5183.0
715.6041822433472,59.0,5603.0
715.8568658828735,59.5,5713.0
716.1142761707306,59.5,5413.0
716.3667044639587,60.5,5453.0
716.6193835735321,59.0,4508.0
716.8717584609985,59.5,5342.0
717.1242432594299,60.0,5564.0
717.3783330917358,60.0,5533.0
717.6324844360352,60.5,5674.0
717.8849756717682,59.5,5783.0
718.1562352180481,60.0,5962.0
718.4089825153351,60.0,5783.0
718.6618371009827,59.5,5524.0
718.9144287109375,59.0,5564.0
719.1671848297119,58.0,4387.0
719.4198503494263,57.5,4267.0
719.6789371967316,59.0,5263.0
719.931318283081,59.0,5302.0
720.1841361522675,59.0,5151.0
720.4367110729218,60.5,6011.0
720.6895196437836,59.0,5071.0
720.9438261985779,59.0,5111.0
721.1963481903076,59.0,5453.0
721.4489076137543,59.5,5564.0
721.7055823802948,60.0,5823.0
721.9587016105652,59.5,5902.0
722.2112607955933,59.5,5564.0
722.4638903141022,60.5,5533.0
722.7166140079498,59.0,5000.0
722.9689974784851,59.0,4847.0
723.2215573787689,59.0,5151.0
723.4739496707916,59.0,4807.0
723.7263402938843,59.5,5302.0
723.9787230491638,59.5,5263.0
724.2311098575592,59.0,5413.0
724.4836473464966,60.5,5271.0
724.740180015564,59.0,5271.0
724.9928684234619,59.5,5453.0
725.246161699295,59.0,5493.0
725.4987664222717,60.0,5753.0
725.7512984275818,59.0,5453.0
726.004045009613,60.0,5564.0
726.2565670013428,60.0,5603.0
726.5091288089752,60.5,5453.0
726.7618851661682,59.5,5603.0
727.0150456428528,59.5,5493.0
727.2677154541016,59.0,5453.0
727.5205867290497,58.0,4541.0
727.7736871242523,57.5,4085.0
728.0265030860901,58.0,4159.0
728.2808880805969,58.5,4775.0
728.5338685512543,58.5,4119.0
728.7865180969238,59.5,5382.0
729.0391976833344,59.5,5823.0
729.2918045520782,59.5,5342.0
729.5495665073395,59.5,5643.0
729.802339553833,59.5,5713.0
730.0554051399231,59.5,5783.0
730.3081557750702,59.5,5111.0
730.5606956481934,59.5,5302.0
730.8133075237274,59.0,4581.0
731.0660321712494,59.0,5040.0
731.3188865184784,60.0,5753.0
731.5712819099426,60.0,5493.0
731.8239262104034,59.5,5863.0
732.0767056941986,60.5,5151.0
732.329264163971,61.0,6494.0
732.5821118354797,59.5,5643.0
732.8349273204803,59.5,5453.0
733.0875358581543,59.5,5493.0
733.3405883312225,57.5,4119.0
733.5935297012329,57.5,4581.0
733.8462028503418,59.0,5000.0
734.0985798835754,59.5,5342.0
734.3602466583252,59.0,5493.0
734.6129055023193,59.0,5564.0
734.8655812740326,59.0,5564.0
735.1254525184631,59.0,5374.0
735.3798670768738,60.0,5603.0
735.6324188709259,59.0,5191.0
735.8849833011627,60.5,5643.0
736.1379387378693,59.5,5972.0
736.390664100647,59.0,5564.0
736.6431541442871,59.0,5374.0
736.8996858596802,59.0,5263.0
737.1520845890045,59.0,4855.0
737.4047114849091,58.5,4273.0
737.6572091579437,59.0,5040.0
737.9096584320068,60.0,5263.0
738.1759283542633,59.0,5231.0
738.4287133216858,59.0,5302.0
738.6811575889587,59.5,4967.0
738.9336402416229,59.5,5413.0
739.1861793994904,59.5,5302.0
739.4400660991669,59.5,5533.0
739.6946017742157,59.5,5564.0
739.947416305542,59.5,5493.0
740.1999108791351,59.5,5413.0
740.4524788856506,60.0,5342.0
740.7052280902863,59.5,5713.0
740.9579515457153,60.0,5533.0
741.212361574173,59.5,5793.0
741.4648134708405,58.5,5342.0
741.7176735401154,59.0,5603.0
741.970287322998,58.5,5302.0
742.2232553958893,57.0,4159.0
742.4761347770691,57.0,4085.0
742.7291343212128,57.5,4119.0
742.9832110404968,59.0,4541.0
743.2387771606445,58.0,5040.0
743.4911277294159,59.0,5564.0
743.7436406612396,58.5,5231.0
743.9962129592896,59.0,5413.0
744.2489306926727,59.0,5493.0
744.5015573501587,59.0,5863.0
744.754269361496,59.5,5493.0
745.0066874027252,60.0,5302.0
745.2591290473938,59.0,4887.0
745.5116949081421,59.5,4735.0
745.764356136322,59.5,5564.0
746.017086982727,59.5,5533.0
746.2695605754852,60.0,5533.0
746.5220339298248,61.0,5823.0
746.774742603302,60.5,5683.0
747.027382850647,60.5,6051.0
747.2800402641296,59.5,5603.0
747.532702922821,58.5,5151.0
747.7860338687897,59.0,5191.0
748.0385336875916,58.5,4314.0
748.2912812232971,59.0,5263.0
748.5438694953918,59.5,5382.0
748.7966639995575,59.5,5271.0
749.0493037700653,60.5,5753.0
749.3018925189972,59.0,5151.0
749.5547044277191,59.0,5603.0
749.8073019981384,60.0,5413.0
750.0625605583191,59.0,5564.0
750.3154604434967,60.5,5342.0
750.5679743289948,59.5,5493.0
750.820615530014,60.0,5713.0
751.0731017589569,59.5,5453.0
751.3256754875183,60.0,5302.0
751.578266620636,59.0,4967.0
751.8307478427887,58.5,4581.0
752.0831685066223,58.5,4694.0
752.3355188369751,59.0,4967.0
752.5879113674164,59.0,4967.0
752.8402855396271,60.0,5493.0
753.0929734706879,59.5,5342.0
753.3453571796417,60.0,5603.0
753.6006379127502,59.0,5263.0
753.8533589839935,60.0,5231.0
754.1057939529419,59.0,4847.0
754.358158826828,59.5,5382.0
754.6106765270233,60.5,5723.0
754.8630845546722,59.0,5413.0
755.1154401302338,59.0,5342.0
755.368093252182,59.5,5573.0
755.6207849979401,61.0,5524.0
755.8734445571899,59.0,5151.0
756.1266534328461,59.0,5453.0
756.37917304039,58.0,5263.0
756.6320307254791,58.5,4199.0
756.884973526001,58.5,4159.0
757.1379587650299,58.5,4240.0
757.3906936645508,58.5,5040.0
757.6433939933777,57.0,3773.0
757.8961889743805,59.0,5533.0
758.1488626003265,59.0,5294.0
758.4062790870667,58.5,5413.0
758.6593294143677,60.0,5902.0
758.912239074707,60.0,5603.0
759.1650340557098,59.5,5413.0
759.4217214584351,59.5,5000.0
759.6743493080139,59.0,4702.0
759.9271106719971,60.5,5564.0
760.1795451641083,59.5,5191.0
760.4319906234741,60.0,5793.0
760.6845428943634,61.0,6268.0
760.9375357627869,60.5,5573.0
761.1898837089539,60.5,5823.0
761.4426839351654,59.0,5643.0
761.6958196163177,59.5,5493.0
761.9487187862396,59.0,5453.0
762.2015414237976,58.0,4314.0
762.4544031620026,59.0,4847.0
762.7069599628448,58.5,4775.0
762.9601283073425,59.5,5683.0
763.2130873203278,59.5,5902.0
763.4658403396606,59.0,5493.0
763.7183504104614,59.5,5453.0
763.9707415103912,59.5,5342.0
764.223541021347,59.0,5080.0
764.4761316776276,59.0,5080.0
764.7286472320557,59.5,5674.0
764.9816284179688,60.5,5683.0
765.2340958118439,60.0,5453.0
765.4866836071014,59.0,5382.0
765.7394170761108,59.0,5000.0
765.9918353557587,59.5,5040.0
766.2447652816772,58.5,4622.0
766.4976041316986,59.0,4847.0
766.7538230419159,59.5,5603.0
767.0075709819794,59.0,5151.0
767.2612347602844,59.5,5263.0
767.5144033432007,59.0,5263.0
767.7675025463104,59.0,5000.0
768.0199973583221,59.0,5151.0
768.2724893093109,59.0,5413.0
768.5261588096619,59.0,5342.0
768.778552532196,59.5,5713.0
769.0313422679901,60.0,5524.0
769.285361289978,60.0,5603.0
769.5386114120483,59.0,5493.0
769.7920739650726,60.0,5753.0
770.0457813739777,60.5,5674.0
770.298314332962,59.5,5564.0
770.5508904457092,59.0,5413.0
770.8037571907043,58.5,5302.0
771.0567710399628,58.0,4159.0
771.3098533153534,58.5,4199.0
771.5626635551453,58.0,4233.0
771.8155977725983,58.5,4662.0
772.0681767463684,57.5,4233.0
772.3204815387726,59.0,5643.0
772.5730421543121,59.0,5271.0
772.8257904052734,59.0,5191.0
773.0800857543945,60.0,5533.0
773.3324835300446,59.0,5263.0
773.5847721099854,60.0,5564.0
773.8376343250275,59.5,5223.0
774.0902457237244,59.0,5160.0
774.3425207138062,58.5,4508.0
774.5954728126526,60.5,5753.0
774.8506877422333,61.0,5863.0
775.1059193611145,59.5,5493.0
775.3606944084167,59.0,5564.0
775.6149518489838,60.0,5564.0
775.8676083087921,60.0,5643.0
776.1201136112213,59.5,5603.0
776.3726603984833,59.0,5080.0
776.6251077651978,58.5,5231.0
776.8777613639832,58.0,4354.0
777.130490064621,59.0,5564.0
777.3833520412445,59.5,5524.0
777.6360943317413,59.5,5231.0
777.8884794712067,59.5,5564.0
778.1410648822784,61.0,5713.0
778.3942310810089,59.0,5342.0
778.649575471878,59.0,5191.0
778.9021112918854,60.5,5723.0
779.1543962955475,60.0,5231.0
779.4070227146149,59.0,5342.0
779.6595866680145,59.5,5493.0
779.914840221405,59.0,5342.0
780.1697459220886,59.5,5000.0
780.422082901001,58.5,4735.0
780.6742851734161,59.0,5040.0
780.9266753196716,58.5,5151.0
781.1801643371582,59.0,4694.0
781.4325079917908,59.0,5231.0
781.684953212738,59.5,5048.0
781.9442508220673,59.5,5342.0
782.1982815265656,59.5,5223.0
782.4506661891937,60.0,5453.0
782.7068428993225,59.5,5643.0
782.9608299732208,59.5,5342.0
783.2132749557495,59.5,5374.0
783.4665715694427,59.5,5533.0
783.7191352844238,60.5,5493.0
783.9727826118469,59.0,5753.0
784.2254552841187,59.0,5564.0
784.4788587093353,58.5,5493.0
784.7318658828735,59.0,5413.0
784.9849808216095,58.5,5484.0
785.238835811615,58.5,5342.0
785.4923417568207,58.5,4735.0
785.745058298111,57.5,4273.0
785.9979107379913,58.0,4581.0
786.2511732578278,58.5,4847.0
786.5038545131683,59.5,5533.0
786.7564475536346,58.5,5151.0
787.013375043869,59.0,5603.0
787.2725768089294,59.0,5603.0
787.5259563922882,59.0,5493.0
787.7815687656403,59.5,5493.0
788.0342676639557,59.5,5040.0
788.2866725921631,59.0,5713.0
788.5392804145813,58.5,5040.0
788.791738986969,60.5,5564.0
789.0442178249359,60.5,5453.0
789.2967898845673,60.0,5524.0
789.5575332641602,61.0,6091.0
789.81001329422,59.0,5603.0
790.0624573230743,59.5,5713.0
790.3155796527863,58.5,5564.0
790.5706074237823,59.5,5493.0
790.8233845233917,59.0,4967.0
791.0781831741333,59.0,5342.0
791.3322379589081,58.5,5000.0
791.5850312709808,58.5,5493.0
791.8382892608643,60.0,5302.0
792.091302394867,59.0,5302.0
792.3504786491394,59.0,5374.0
792.6126313209534,60.0,5342.0
792.870897769928,60.5,5524.0
793.124703168869,60.0,5564.0
793.3772773742676,58.5,5271.0
793.6298267841339,59.0,5374.0
793.8823173046112,59.5,5382.0
794.1350221633911,59.5,5413.0
794.3876898288727,59.5,5382.0
794.6402642726898,58.5,4920.0
794.892805814743,58.5,5231.0
795.1458325386047,59.0,5151.0
795.398983001709,59.0,4847.0
795.6518154144287,59.0,5151.0
795.9065625667572,59.0,5223.0
796.1592435836792,59.0,5080.0
796.411967754364,59.0,5151.0
796.6649024486542,59.5,5342.0
796.917394399643,59.0,5080.0
797.1698887348175,60.0,5493.0
797.4289717674255,60.5,5413.0
797.6815013885498,59.5,5302.0
797.9340307712555,59.0,5223.0
798.187248468399,59.5,5713.0
798.4495892524719,59.0,5302.0
798.7038979530334,60.5,5683.0
798.9564988613129,59.0,5493.0
799.2107121944427,60.0,5643.0
799.463329076767,58.5,5603.0
799.7159390449524,58.5,5382.0
799.9684209823608,58.5,5302.0
800.2237529754639,58.0,4428.0
800.4765255451202,57.5,4240.0
800.7293739318848,58.0,5302.0
800.9820139408112,59.0,5263.0
801.2346038818359,59.5,5533.0
801.4871735572815,58.5,5263.0
801.7450098991394,60.5,5893.0
801.9988257884979,60.5,5223.0
802.251832485199,59.0,5533.0
802.51171708107,59.0,5151.0
802.7725119590759,60.0,5674.0
803.0321702957153,60.0,5040.0
803.2845687866211,59.0,5071.0
803.5369358062744,60.5,6160.0
803.7897670269012,59.0,5302.0
804.0423564910889,61.0,5753.0
804.294903755188,59.5,5422.0
804.5478231906891,59.0,5271.0
804.8001871109009,59.5,5453.0
805.0526540279388,59.5,5643.0
805.3064966201782,58.5,5040.0
805.5592658519745,59.0,5302.0
805.8118169307709,58.5,5000.0
806.0648210048676,59.0,5493.0
806.3211686611176,59.0,4807.0
806.5738768577576,60.0,5713.0
806.83078789711,59.5,5271.0
807.0850327014923,59.5,5793.0
807.3385643959045,59.0,5564.0
807.5921773910522,60.0,5223.0
807.8449683189392,59.5,5793.0
808.0975313186646,59.5,5493.0
808.3500883579254,58.5,5533.0
808.6027593612671,59.5,5524.0
808.8552510738373,59.0,5342.0
809.1075973510742,58.5,5080.0
809.3603281974792,59.0,4662.0
809.61332654953,59.0,4927.0
809.8658292293549,59.0,5151.0
810.1185343265533,59.0,5191.0
810.3712649345398,59.5,5382.0
810.6251709461212,59.5,5231.0
810.8778035640717,59.5,5453.0
811.1303677558899,59.5,5191.0
811.3841667175293,59.5,5231.0
811.6442997455597,59.5,5302.0
811.8981139659882,60.5,5753.0
812.1509084701538,59.5,5634.0
812.4042611122131,60.0,5564.0
812.6570963859558,59.5,5453.0
812.9099090099335,59.5,5382.0
813.162618637085,59.5,5231.0
813.4151887893677,58.5,5453.0
813.6680598258972,58.5,5263.0
813.9213860034943,59.0,5453.0
814.1744103431702,58.0,4273.0
814.4271001815796,57.5,4044.0
814.6801266670227,58.0,4233.0
814.9333744049072,57.5,4508.0
815.186273097992,58.5,5231.0
815.4405739307404,59.0,5302.0
815.6930565834045,59.5,5643.0
815.9456384181976,59.0,5713.0
816.1982102394104,59.0,5231.0
816.4514594078064,61.0,5573.0
816.7042336463928,59.0,5231.0
816.9577124118805,60.0,5342.0
817.2103667259216,59.0,4847.0
817.4627432823181,59.0,5080.0
817.7151248455048,59.5,5564.0
817.9676077365875,59.0,5564.0
818.2202014923096,59.0,5713.0
818.4728066921234,61.0,6415.0
818.7259194850922,59.5,5643.0
818.9795522689819,60.0,5863.0
819.2330090999603,59.0,5533.0
819.4859626293182,59.5,5453.0
819.7385549545288,58.5,5382.0
819.9909334182739,58.5,4694.0
820.244143486023,59.0,5493.0
820.4966614246368,59.0,5151.0
820.7493057250977,59.5,5942.0
821.0023446083069,59.0,5932.0
821.2550053596497,59.5,5564.0
821.5075125694275,59.5,5422.0
821.7601096630096,60.5,5524.0
822.0128350257874,60.0,5564.0
822.2652790546417,59.5,5564.0
822.5176951885223,60.0,5382.0
822.770427942276,60.0,5643.0
823.0234298706055,59.0,5151.0
823.2770655155182,59.0,5160.0
823.5296092033386,58.5,4622.0
823.7819664478302,58.5,4735.0
824.0342988967896,59.0,5040.0
824.2873508930206,59.0,5302.0
824.5399842262268,59.0,5271.0
824.7924401760101,59.0,5374.0
825.0458996295929,59.0,4960.0
825.2992386817932,59.0,5040.0
825.551929473877,59.5,5231.0
825.8044142723083,59.0,5643.0
826.0571846961975,60.0,5573.0
826.3096146583557,60.5,5753.0
826.5623378753662,60.5,5713.0
826.8152050971985,59.5,5334.0
827.0677280426025,59.5,5573.0
827.3202641010284,60.5,5533.0
827.5760416984558,58.5,5231.0
827.8285186290741,58.5,5191.0
828.0818860530853,59.0,5413.0
828.3371903896332,58.0,4273.0
828.5919010639191,58.0,4078.0
828.8457725048065,58.0,4119.0
829.0995321273804,58.0,4775.0
829.3523943424225,57.5,4159.0
829.6084342002869,58.5,5080.0
829.8616197109222,59.0,5382.0
830.1143898963928,59.0,5311.0
830.3669929504395,59.5,5594.0
830.6198000907898,60.0,5444.0
830.8722236156464,59.5,5413.0
831.125,59.5,5302.0
831.3773469924927,59.5,5263.0
831.6298801898956,58.5,4468.0
831.8822774887085,60.5,5183.0
832.1345806121826,60.0,5674.0
832.3875153064728,60.0,5753.0
832.6401374340057,59.5,5823.0
832.8933284282684,59.5,5342.0
,5413.0
832.9890744686127,59.0,5342.0
833.242949962616,60.0,5564.0
833.4966750144958,59.0,5271.0
833.7490727901459,60.0,5271.0
834.0015459060669,59.5,4735.0
834.2543160915375,59.5,5263.0
834.5069143772125,60.5,5643.0
834.7596900463104,59.0,5151.0
835.0123550891876,59.0,5493.0
835.2649047374725,60.0,5793.0
835.5174429416656,59.5,5533.0
835.7700901031494,60.5,5231.0
836.0225772857666,59.0,5453.0
836.2753422260284,58.0,5231.0
836.5282914638519,58.5,4273.0
836.7809298038483,58.0,4199.0
837.0338854789734,58.0,4273.0
837.2869284152985,58.5,4887.0
837.5398480892181,57.0,3889.0
837.7926111221313,59.0,5342.0
838.0451121330261,59.0,5382.0
838.2975625991821,60.0,4967.0
838.5500631332397,60.0,6051.0
838.8028175830841,60.5,5524.0
839.0555064678192,60.5,5643.0
839.3141362667084,59.5,5191.0
839.5707235336304,59.0,4927.0
839.8233578205109,60.5,5223.0
840.0766344070435,59.0,5040.0
840.33065366745,60.0,5942.0
840.5831775665283,61.0,6307.0
840.8356416225433,60.5,5902.0
841.0882031917572,60.5,5902.0
841.3408317565918,59.5,5643.0
841.5945653915405,59.5,5533.0
841.8471777439117,59.0,5533.0
842.0997793674469,58.0,4387.0
842.3524193763733,59.0,4735.0
842.6053466796875,58.5,4735.0
842.8586831092834,59.0,5832.0
843.1112551689148,59.5,5564.0
843.3642830848694,59.0,5453.0
843.6242411136627,59.5,5453.0
843.8766710758209,59.5,5524.0
844.1291792392731,59.0,5080.0
844.3819932937622,59.0,5191.0
844.6390552520752,59.5,5603.0
844.89177775383,60.5,5753.0
845.1445815563202,59.5,5524.0
845.3971216678619,59.0,5191.0
845.6497070789337,59.0,5111.0
845.9023952484131,59.5,5040.0
846.1548280715942,58.5,4581.0
846.4099988937378,58.5,4807.0
846.6635973453522,59.5,5603.0
846.9164350032806,59.0,5231.0
847.1692380905151,59.5,5263.0
847.4230539798737,59.5,5191.0
847.6756422519684,61.0,5000.0
847.9280080795288,59.0,5183.0
848.1804189682007,59.0,5413.0
848.4331130981445,59.0,5493.0
848.6869692802429,60.5,5674.0
848.9397277832031,60.0,5564.0
849.1921923160553,60.0,5674.0
849.4456341266632,59.0,5524.0
849.7029266357422,60.0,5823.0
849.955474615097,60.5,5564.0
850.2080206871033,59.5,5603.0
850.4604122638702,59.0,5413.0
850.7129747867584,58.5,5342.0
850.9658949375153,58.0,4159.0
851.2189087867737,58.5,4199.0
851.4716193675995,58.0,4233.0
851.7243497371674,58.5,4735.0
851.9769904613495,57.5,4193.0
852.2363233566284,59.0,5643.0
852.4889452457428,59.0,5271.0
852.7415008544922,59.0,5111.0
852.9948306083679,60.0,5564.0
853.247359752655,59.0,5302.0
853.4997434616089,60.0,5603.0
853.7521393299103,59.5,5191.0
854.004908323288,59.0,5191.0
854.2573809623718,58.5,4508.0
854.5098576545715,60.5,5832.0
854.7672095298767,61.0,5863.0
855.0200061798096,59.5,5453.0
855.2736163139343,59.0,5573.0
855.5265324115753,60.0,5603.0
855.7789590358734,60.0,5683.0
856.0315022468567,59.0,5643.0
856.2839980125427,59.0,5111.0
856.5365071296692,58.5,5231.0
856.7890288829803,58.0,4387.0
857.0416595935822,59.0,5564.0
857.2942917346954,59.0,5374.0
857.5471260547638,59.5,5263.0
857.7996785640717,59.5,5564.0
858.0528838634491,61.0,5753.0
858.3056614398956,59.0,5271.0
858.5583152770996,59.5,5263.0
858.8114230632782,60.5,5942.0
859.0639588832855,60.0,5351.0
859.322502374649,59.0,5342.0
859.5751898288727,59.5,5533.0
859.8306441307068,59.0,5382.0
860.0843088626862,59.5,5000.0
860.3367056846619,58.5,4775.0
860.5890793800354,59.0,5000.0
860.8416998386383,58.5,5111.0
861.0952780246735,59.0,4694.0
861.3511686325073,59.0,5231.0
861.6071734428406,59.5,4887.0
861.8651292324066,59.5,5342.0
862.1185455322266,59.5,5223.0
862.3708758354187,60.0,5413.0
862.6234383583069,59.5,5603.0
862.8760869503021,59.5,5342.0
863.1285886764526,59.5,5302.0
863.3818888664246,59.5,5612.0
863.6342921257019,60.5,5493.0
863.8868553638458,59.0,5713.0
864.1397635936737,59.0,5524.0
864.3925919532776,58.5,5533.0
864.6453905105591,59.0,5453.0
864.9005901813507,58.5,5493.0
865.1539771556854,58.5,5382.0
865.4075706005096,58.5,4735.0
865.66028881073,57.5,4273.0
865.912965297699,58.0,4581.0
866.1655964851379,58.5,4815.0
866.4180288314819,59.5,5564.0
866.6705811023712,58.5,5151.0
866.9231562614441,59.0,5413.0
867.1759049892426,59.0,5493.0
867.4289276599884,59.0,5533.0
867.6842803955078,59.0,5334.0
867.9448580741882,59.5,5080.0
868.1978507041931,59.0,5564.0
868.4506688117981,58.5,5151.0
868.7032070159912,60.5,5603.0
868.9556396007538,58.5,5374.0
869.2082116603851,60.0,5564.0
869.4610450267792,61.0,6239.0
869.7137951850891,59.0,5643.0
869.9669735431671,59.5,5793.0
870.2211816310883,59.5,5453.0
870.4791843891144,59.5,5564.0
870.732207775116,59.0,5000.0
870.9849932193756,59.0,5342.0
871.2381904125214,58.5,5120.0
871.499990940094,58.5,5493.0
871.7536838054657,60.0,5302.0
872.0068337917328,59.0,5342.0
872.2671842575073,59.0,5342.0
872.5293111801147,60.0,5382.0
872.7865631580353,60.5,5484.0
873.0401923656464,60.0,5564.0
873.2926428318024,58.5,5271.0
873.5450203418732,59.0,5342.0
873.7977936267853,59.5,5382.0
874.050680398941,59.5,5453.0
874.3031330108643,59.5,5382.0
874.5558152198792,58.5,4887.0
874.8084540367126,58.5,5231.0
875.0616052150726,59.0,5191.0
875.3143768310547,59.0,4847.0
875.5673789978027,59.0,5191.0
875.8220627307892,59.0,5271.0
876.0745148658752,59.0,5040.0
876.3270688056946,59.0,5151.0
876.5798869132996,59.5,5382.0
876.8323392868042,59.0,5040.0
877.0848443508148,60.0,5643.0
877.3394668102264,60.5,5493.0
877.5926189422607,59.5,5191.0
877.845217704773,59.5,5271.0
878.0992226600647,59.5,5713.0
878.356951713562,59.0,5382.0
878.6095328330994,60.5,5533.0
878.8693881034851,59.0,5533.0
879.1224343776703,60.0,5524.0
879.3751816749573,58.5,5524.0
879.6280980110168,58.5,5382.0
879.8830051422119,58.5,5302.0
880.1360101699829,58.0,4428.0
880.3887059688568,57.5,4273.0
880.641608953476,58.0,5302.0
880.894374370575,59.0,5191.0
881.1471424102783,59.5,5524.0
881.4004006385803,58.5,5183.0
881.6607897281647,60.5,5893.0
881.9139873981476,60.5,5263.0
882.1665291786194,59.0,5493.0
882.4274189472198,59.0,5191.0
882.6797688007355,60.0,5453.0
882.9323296546936,59.0,5183.0
883.1849632263184,60.0,5111.0
883.437596321106,60.5,6011.0
883.6902205944061,59.0,4967.0
883.9430224895477,61.0,5902.0
884.1955127716064,60.0,5453.0
884.4480996131897,59.5,5422.0
884.7005665302277,59.5,5603.0
884.953136920929,59.5,5713.0
885.2057108879089,58.5,4887.0
885.4581484794617,58.5,5342.0
885.710955619812,58.5,4887.0
885.9647753238678,59.0,5533.0
886.2178480625153,59.0,5040.0
886.4702541828156,59.5,5603.0
886.722665309906,59.5,5302.0
886.9753167629242,60.5,5683.0
887.2279500961304,59.0,5564.0
887.4804353713989,59.5,5151.0
887.7338254451752,60.5,6091.0
887.986522436142,60.0,5643.0
888.2389607429504,59.5,5151.0
888.4986598491669,59.5,5564.0
888.7512454986572,60.0,5603.0
889.0037221908569,58.5,5302.0
889.2561964988708,58.5,4694.0
889.5085952281952,59.0,4847.0
889.7609796524048,59.0,5000.0
890.0136635303497,59.0,5151.0
890.2694764137268,60.0,5643.0
890.5224301815033,59.5,5271.0
890.774988412857,59.5,5533.0
891.0275118350983,59.5,5120.0
891.2799744606018,59.5,5382.0
891.5341401100159,60.0,5302.0
891.7867572307587,59.5,5793.0
892.0393476486206,59.5,5713.0
892.295196056366,59.0,5533.0
892.5477983951569,59.5,5683.0
892.8001463413239,60.0,5533.0
893.0525486469269,60.0,5453.0
893.3054754734039,58.5,5382.0
893.5592114925385,59.0,5413.0
893.8187611103058,59.5,5493.0
894.0716714859009,59.0,4314.0
894.3244755268097,57.5,3929.0
894.5770585536957,58.0,4314.0
894.8297748565674,58.5,4622.0
895.082825422287,59.0,5191.0
895.3358311653137,59.5,5231.0
895.5883731842041,59.5,5643.0
895.8409135341644,59.0,5643.0
896.0933275222778,58.5,5191.0
896.3456904888153,60.0,5573.0
896.5981421470642,59.0,5200.0
896.8538210391998,60.0,5533.0
897.1067454814911,59.0,4775.0
897.3594267368317,59.0,5271.0
897.6118733882904,59.5,5793.0
897.8643746376038,59.5,5453.0
898.1169066429138,59.0,5643.0
898.3696150779724,61.0,6199.0
898.6223335266113,59.0,5374.0
898.8751792907715,59.5,5713.0
899.1278307437897,59.5,5564.0
899.3804445266724,59.5,5493.0
899.6331932544708,58.5,5422.0
899.8859946727753,59.0,4541.0
900.1386892795563,59.0,5683.0
900.3915107250214,59.0,5040.0
900.6468727588654,59.5,5902.0
900.8996031284332,59.0,5674.0
901.1523747444153,60.0,5603.0
901.4053707122803,60.5,5533.0
901.6578476428986,60.5,5342.0
901.9103879928589,60.0,5643.0
902.1705274581909,59.5,5493.0
902.4231479167938,59.5,5573.0
902.6756732463837,60.0,5643.0
902.9284064769745,59.0,5120.0
903.1810133457184,59.0,5151.0
903.4337060451508,58.5,4662.0
903.6860733032227,58.5,4775.0
903.9385054111481,59.0,5040.0
904.1910276412964,59.0,5000.0
904.4435889720917,59.0,5271.0
904.7023351192474,59.0,5382.0
904.9548053741455,59.0,4887.0
905.2073652744293,59.0,5040.0
905.4597358703613,59.5,5263.0
905.7123277187347,59.0,5533.0
905.9676864147186,60.0,5683.0
906.2200961112976,59.5,5832.0
906.4739255905151,60.5,5643.0
906.7273163795471,59.5,5374.0
906.980416059494,59.5,5603.0
907.2329440116882,60.5,5524.0
907.4886977672577,58.5,5231.0
907.7411777973175,58.5,5191.0
907.9940183162689,59.0,5453.0
908.2521939277649,58.0,4233.0
908.507274389267,58.0,4044.0
908.7613112926483,58.0,4078.0
909.0154583454132,58.0,4775.0
909.2681486606598,57.5,4119.0
909.521919965744,59.0,5080.0
909.7754235267639,59.0,5342.0
910.0284998416901,59.0,5311.0
910.2810025215149,59.5,5594.0
910.533614397049,60.0,5444.0
910.7861008644104,59.0,5413.0
911.0385093688965,59.5,5334.0
911.290997505188,59.5,5334.0
911.5436284542084,58.5,4428.0
911.7963669300079,60.5,5263.0
912.0487177371979,60.0,5674.0
912.3018531799316,60.0,5753.0
912.5547490119934,59.5,5823.0
912.8086395263672,59.5,5342.0
913.0666966438293,61.0,5713.0
913.3192205429077,59.5,5674.0
913.5719916820526,59.0,5302.0
913.8246340751648,57.0,3302.0
914.077241897583,58.0,4735.0
914.3305015563965,58.5,5231.0
914.5830082893372,60.0,6051.0
914.8357923030853,59.0,5533.0
915.0883989334106,59.5,5942.0
915.3411545753479,59.5,6011.0
915.5942375659943,59.5,5111.0
915.8472483158112,59.0,5111.0
916.1016056537628,59.5,5342.0
916.3540678024292,58.0,4314.0
